,product_id,product_name,seller_id,seller_name,seller_product_id,primary_category_name,brand_id,brand_name,discount,discount_rate,original_price,price,rating_average,review_count,shipping_code,shipping_text,completion_time
0,188685608,Chuột không dây Bluetooth Logitech MX Master 3s - Hàng Chính Hãng,192004,Logitech Official Store,209320366,Chuột Văn Phòng Không Dây,18984,Logitech,1030000,31,3299000,2269000,4.8,40,tikinow,Giao siêu tốc 2H,2023-05-27 00:38:01.348564
1,188685608,Chuột không dây Bluetooth Logitech MX Master 3s - Hàng Chính Hãng,192004,Logitech Official Store,209320366,Chuột Văn Phòng Không Dây,18984,Logitech,1030000,31,3299000,2269000,4.8,40,tikinow,Giao siêu tốc 2H,2023-05-27 00:38:01.348564
2,191655887,Chuột Logitech MX Master 3S không dây Bluetooth/Wireless - Hàng Chính Hãng,60386,VNB STORE,206569449,Chuột Văn Phòng Không Dây,18984,Logitech,0,0,2188000,2188000,0.0,0,delivery_info_badge,"Giao thứ 4, ngày 31/05",2023-05-27 00:38:01.348564
3,201842438,Chuột Logitech MX Master 3S không dây Bluetooth/Wireless - Hàng Chính Hãng,333,Trọng Ân audio,201842439,Chuột Văn Phòng Không Dây,18984,Logitech,0,0,2109000,2109000,0.0,0,delivery_info_badge,"Giao thứ 2, ngày 29/05",2023-05-27 00:38:01.348564
4,216335685,Chuột không dây Logitech MX Master 3S for Mac - Hàng Chính Hãng,27572,NGUYENVUSTORE,216335687,Chuột Văn Phòng Không Dây,18984,Logitech,809000,27,2999000,2190000,0.0,0,delivery_info_badge,"Giao thứ 3, ngày 30/05",2023-05-27 00:38:01.348564
5,67907870,Chuột Bluetooth Silent Logitech Pebble M350 - Hàng chính hãng,192004,Logitech Official Store,105362052,Chuột Văn Phòng Không Dây,18984,Logitech,144000,24,599000,455000,5.0,391,tikinow,Giao siêu tốc 2H,2023-05-27 00:38:01.348564
6,189201767,Chuột không dây Bluetooth Logitech MX Master 3S - Hàng chính hãng,915,Nova Computer,190467252,Chuột Văn Phòng Không Dây,18984,Logitech,0,0,2197000,2197000,0.0,0,delivery_info_badge,"Giao thứ 3, ngày 30/05",2023-05-27 00:38:01.348564
7,73165085,Chuột không dây Bluetooth Logitech MX Anywhere 3 - Màu,1,Tiki Trading,73165091,Chuột Văn Phòng Không Dây,18984,Logitech,160000,9,1750000,1590000,4.8,292,tikinow,Giao siêu tốc 2H,2023-05-27 00:38:01.348564
8,702134,"Chuột không dây Bluetooth Logitech MX Anywhere 2s - nhỏ gọn, dùng mọi bề mặt, con lăn HyperFast, sạc nhanh USB-A, phù hợp Mac/ Laptop - Hàng chính hãng",27572,NGUYENVUSTORE,74466504,Chuột Văn Phòng Không Dây,18984,Logitech,409000,26,1599000,1190000,4.8,67,delivery_info_badge,"Giao chủ nhật, ngày 28/05",2023-05-27 00:38:01.348564
9,40715293,"Chuột không dây Bluetooth Logitech MX Master 3 - form to, kết nối 3 thiết bị, cuộn siêu nhanh, sạc nhanh USB-C, có bản cho Mac - Hàng chính hãng",27572,NGUYENVUSTORE,80976068,Chuột Văn Phòng Không Dây,18984,Logitech,510000,20,2490000,1980000,5.0,28,delivery_info_badge,"Giao thứ 3, ngày 30/05",2023-05-27 00:38:01.348564
10,73165085,Chuột không dây Bluetooth Logitech MX Anywhere 3 - Màu,192004,Logitech Official Store,105362124,Chuột Văn Phòng Không Dây,18984,Logitech,610000,27,2299000,1689000,5.0,54,tikinow,Giao siêu tốc 2H,2023-05-27 00:38:01.348564
11,151575793,Chuột Không Dây Bluetooth RAPOO MT750S Tối Đa 4 Thiết Bị 3 Chế Độ Kết Nối - Hàng Chính Hãng,280245,RAPOO Official Store,201845852,Chuột Văn Phòng Không Dây,20271,Rapoo,541000,39,1390000,849000,4.0,2,tikinow,Giao siêu tốc 2H,2023-05-27 00:38:01.348564
12,173943277,Chuột Không Dây Logitech MX Anywhere 3 dành cho Doanh nghiệp - Hàng Chính Hãng,27572,NGUYENVUSTORE,173943281,Chuột Văn Phòng Không Dây,18984,Logitech,0,0,1650000,1650000,5.0,2,delivery_info_badge,"Giao thứ 3, ngày 30/05",2023-05-27 00:38:01.348564
13,73165600,"Chuột không dây Bluetooth Logitech MX Anywhere 3 for Mac - nhỏ gọn, kết nối 3 thiết bị, cuộn siêu nhanh, sạc nhanh USB-C - Hàng chính hãng",333,Trọng Ân audio,93849468,Chuột Văn Phòng Không Dây,18984,Logitech,0,0,1579000,1579000,4.1,27,delivery_info_badge,"Giao thứ 2, ngày 29/05",2023-05-27 00:38:01.348564
14,98118035, Chuột không dây bluetooth Logitech MX Master 3 For Mac - Hàng Chính Hãng,1,Tiki Trading,252135463,Chuột Văn Phòng Không Dây,18984,Logitech,510000,20,2490000,1980000,5.0,1,delivery_info_badge,"Giao thứ 2, ngày 29/05",2023-05-27 00:38:01.348564
15,10198980,Chuột Không Dây Logitech M220 Silent Plus - Hàng Chính Hãng,192004,Logitech Official Store,186634847,Chuột Văn Phòng Không Dây,18984,Logitech,111000,32,350000,239000,5.0,275,tikinow,Giao siêu tốc 2H,2023-05-27 00:38:01.348564
16,169534270,Chuột không dây Logitech MX Anywhere 3 cho PC màu đen - Hàng chính hãng,212803,Thành Nhân SINCE 1994,169534271,Chuột Văn Phòng Không Dây,18984,Logitech,0,0,1599000,1599000,0.0,0,delivery_info_badge,"Giao thứ 2, ngày 29/05",2023-05-27 00:38:01.348564
17,73166444,Chuột không dây Bluetooth Logitech MX Master 3 - Hàng chính hãng,333,Trọng Ân audio,78917486,Chuột Văn Phòng Không Dây,18984,Logitech,0,0,1949000,1949000,5.0,37,delivery_info_badge,"Giao thứ 2, ngày 29/05",2023-05-27 00:38:01.348564
18,702132,"Chuột không dây Bluetooth Logitech MX Master 2s - form to, dùng mọi bề mặt, con lăn Hyperfast, sạc nhanh USB-A, phù hợp Mac/ Laptop - Hàng chính hãng",333,Trọng Ân audio,55922250,Chuột Văn Phòng Không Dây,18984,Logitech,0,0,1389000,1389000,4.3,15,delivery_info_badge,"Giao thứ 2, ngày 29/05",2023-05-27 00:38:01.348564
19,159849415,Chuột không dây Bluetooth Logitech MX Anywhere 3 - Hàng chính hãng,224581,Speedss Store,171968514,Chuột Văn Phòng Không Dây,18984,Logitech,35500,2,1555500,1520000,0.0,0,delivery_info_badge,"Giao thứ 2, ngày 29/05",2023-05-27 00:38:01.348564
20,174490279,"Chuột không dây bluetooth Logitech Signature M650 - Dành cho tay có kích cỡ từ nhỏ tới trung bình, Cuộn SmartWheel, giảm ồn, các nút bên có thể tùy chỉnh - Hàng chính hãng",192004,Logitech Official Store,174490281,Chuột Văn Phòng Không Dây,18984,Logitech,249000,29,869000,620000,5.0,325,tikinow,Giao siêu tốc 2H,2023-05-27 00:38:01.348564
21,118536258,Chuột không dây LOGITECH MX ANYWHERE 3 WIRELESS/BLUETOOTH,117842,Hưng Thịnh HN,118536260,Chuột Văn Phòng Không Dây,18984,Logitech,0,0,1599000,1599000,0.0,0,delivery_info_badge,"Giao thứ 4, ngày 31/05",2023-05-27 00:38:01.348564
22,216335227,"Chuột không dây Bluetooth Logitech MX Anywhere 2s - nhỏ gọn, dùng mọi bề mặt, con lăn HyperFast, sạc nhanh USB-A, phù hợp Mac/ Laptop - Hàng chính hãng",60386,VNB STORE,216335224,Chuột Văn Phòng Không Dây,18984,Logitech,0,0,1149000,1149000,0.0,0,delivery_info_badge,"Giao thứ 4, ngày 31/05",2023-05-27 00:38:01.348564
23,121242333,Chuột không dây Logitech MX Anywhere 3 màu hồng-Hàng chính hãng,212803,Thành Nhân SINCE 1994,121242340,Chuột Văn Phòng Không Dây,18984,Logitech,0,0,1490000,1490000,5.0,2,delivery_info_badge,"Giao thứ 2, ngày 29/05",2023-05-27 00:38:01.348564
24,76749388,"Chuột không dây Bluetooth Logitech MX Master 3 - form to, kết nối 3 thiết bị, cuộn siêu nhanh, sạc nhanh USB-C, có bản cho Mac - Hàng chính hãng",27572,NGUYENVUSTORE,78953910,Chuột Văn Phòng Không Dây,18984,Logitech,510000,20,2490000,1980000,4.8,34,delivery_info_badge,"Giao thứ 3, ngày 30/05",2023-05-27 00:38:01.348564
25,173058453,"Chuột không dây bluetooth Logitech POP MOUSE - giảm ồn, nút emoji tùy chỉnh - Hàng chính hãng",192004,Logitech Official Store,173058457,Chuột Văn Phòng Không Dây,18984,Logitech,326000,36,899000,573000,5.0,148,tikinow,Giao siêu tốc 2H,2023-05-27 00:38:01.348564
26,160305471,Chuột không dây Bluetooth Logitech MX Master 3 - Hàng chính hãng,915,Nova Computer,181171045,Chuột Văn Phòng Không Dây,18984,Logitech,101000,5,2190000,2089000,5.0,1,delivery_info_badge,"Giao thứ 3, ngày 30/05",2023-05-27 00:38:01.348564
27,177968160,Chuột Logitech MX Master 3 (Màu đen) không dây Bluetooth/Wireless - Hàng Chính Hãng ,915,Nova Computer,185435275,Chuột Văn Phòng Không Dây,18984,Logitech,100000,5,2190000,2090000,0.0,0,delivery_info_badge,"Giao thứ 3, ngày 30/05",2023-05-27 00:38:01.348564
28,217085368,Chuột không dây Bluetooth Logitech MX Anywhere 2S - Hàng chính hãng,333,Trọng Ân audio,249354275,Chuột Văn Phòng Không Dây,18984,Logitech,0,0,1090000,1090000,0.0,0,delivery_info_badge,"Giao thứ 2, ngày 29/05",2023-05-27 00:38:01.348564
29,217085384,Chuột không dây Bluetooth Logitech MX Master 2S - Hàng chính hãng,162514,Long Hưng TechZone,217085385,Chuột Văn Phòng Không Dây,18984,Logitech,670000,29,2299000,1629000,0.0,0,delivery_info_badge,"Giao thứ 3, ngày 30/05",2023-05-27 00:38:01.348564
30,151575793,Chuột Không Dây Bluetooth RAPOO MT750S Tối Đa 4 Thiết Bị 3 Chế Độ Kết Nối - Hàng Chính Hãng,280245,RAPOO Official Store,201845852,Chuột Văn Phòng Không Dây,20271,Rapoo,541000,39,1390000,849000,4.0,2,tikinow,Giao siêu tốc 2H,2023-05-27 00:38:01.348564
31,151570429,Chuột Không Dây Bluetooth RAPOO MT550 Tối Đa 4 Thiết Bị 3 Chế Độ Kết Nối - Hàng Chính Hãng,280245,RAPOO Official Store,174865152,Chuột Văn Phòng Không Dây,20271,Rapoo,200000,29,699000,499000,4.8,22,delivery_info_badge,"Giao thứ 4, ngày 31/05",2023-05-27 00:38:01.348564
32,76558983,Chuột Không Dây Sạc Pin Máy Tính Sidotech M2S Chống Ồn Thiết Kế Công Thái Học Đèn LED RGB Thuộc Dòng Chuột Không Dây Gaming Logitech Fuhlen Xiaomi Apple Genius Dell Phù Hợp Cho Laptop Pc TV - Hàng Chính Hãng,117888,Sido Tech Official Store,76558987,Chuột Văn Phòng Không Dây,777069,SIDOTECH,2000,2,119000,117000,4.5,39,delivery_info_badge,"Giao thứ 4, ngày 31/05",2023-05-27 00:38:01.348564
33,207733694,Chuột không dây A4Tech FStyler FG30S Silent Wireless 2.4GHz - Hàng chính hãng,8948,A4Tech Official Store,207733706,Chuột Văn Phòng Không Dây,48051,A4Tech,0,0,250000,250000,5.0,1,delivery_info_badge,"Giao thứ 3, ngày 30/05",2023-05-27 00:38:01.348564
34,56669854,Chuột Bluetooth HXSJ T36 Ba Chế Độ Bluetooth 3.0 + 5.0 + 2.4G Chuột Không Dây Thiết Kế Không Gây Ồn 1600 DPI Quang Có Thể Sạc Lại Chuột Cho PC Máy Tính Xách Tay - Hàng chính hãng,4997,HXSJ Official Store,56669855,Chuột Văn Phòng Không Dây,302375,HXSJ,112000,32,349000,237000,4.5,62,delivery_info_badge,"Giao thứ 2, ngày 29/05",2023-05-27 00:38:01.348564
35,147806456," Chuột Trackball bi đỏ không dây, kết nối 3 phương thức ELECOM M-XPT1MRBK - Hàng chính hãng",207195,ELECOM store,147806457,Chuột Văn Phòng Không Dây,19072,Elecom,328500,15,2190000,1861500,5.0,4,delivery_info_badge,"Giao thứ 3, ngày 30/05",2023-05-27 00:38:01.348564
36,35243555,Chuột không dây HP S1000 Plus,915,Nova Computer,157616063,Chuột Văn Phòng Không Dây,17825,HP,20000,8,249000,229000,0.0,0,delivery_info_badge,"Giao thứ 3, ngày 30/05",2023-05-27 00:38:01.348564
37,479097,Chuột Không Dây A4Tech G3.280A - Hàng Chính Hãng,6975,HACHI STORE,22910476,Chuột Văn Phòng Không Dây,48051,A4Tech,49200,26,189000,139800,4.7,25,delivery_info_badge,"Giao thứ 3, ngày 30/05",2023-05-27 00:38:01.348564
38,122649672,VINETTEAM Chuột Không Dây M1S Không Gây Tiếng Ồn Hiển Thị Pin 2400 DPI Có Thể Sạc Lại Tương Thích Với Máy Tính Llaptop Macbook - Hàng Chính Hãng,5411,vinet shop,124241043,Chuột Văn Phòng Không Dây,312329,VINETTEAM,0,0,495000,495000,2.0,1,delivery_info_badge,"Giao thứ 3, ngày 30/05",2023-05-27 00:38:01.348564
39,192419698,"Chuột Không Dây HAVIT MS76, Thiết Kế Công Thái Học, 3 DPI+ 6 Nút Chỉnh, Tuổi Thọ 3Tr Lần Nhấn - Hàng Chính Hãng",276001,Phụ Kiện DEBOX STORE,192419703,Chuột Văn Phòng Không Dây,204385,Havit,125000,50,250000,125000,0.0,0,delivery_info_badge,"Giao thứ 3, ngày 30/05",2023-05-27 00:38:01.348564
40,76558983,Chuột Không Dây Sạc Pin Máy Tính Sidotech M2S Chống Ồn Thiết Kế Công Thái Học Đèn LED RGB Thuộc Dòng Chuột Không Dây Gaming Logitech Fuhlen Xiaomi Apple Genius Dell Phù Hợp Cho Laptop Pc TV - Hàng Chính Hãng,117888,Sido Tech Official Store,76558985,Chuột Văn Phòng Không Dây,777069,SIDOTECH,0,0,119000,119000,4.5,39,delivery_info_badge,"Giao thứ 4, ngày 31/05",2023-05-27 00:38:01.348564
41,147806456," Chuột Trackball bi đỏ không dây, kết nối 3 phương thức ELECOM M-XPT1MRBK - Hàng chính hãng",207195,ELECOM store,147806457,Chuột Văn Phòng Không Dây,19072,Elecom,328500,15,2190000,1861500,5.0,4,delivery_info_badge,"Giao thứ 3, ngày 30/05",2023-05-27 00:38:01.348564
42,7395841,Chuột Không Dây Ergo S118A - Thiết Kế Công Thái Học Chống Mỏi Tay - Sử Dụng,174379,Hùng Dũng 68,87012657,Chuột Văn Phòng Không Dây,111461,OEM,0,0,199000,199000,4.2,12,delivery_info_badge,"Giao thứ 4, ngày 31/05",2023-05-27 00:38:01.348564
43,134330265,CHUỘT KHÔNG DÂY BT21 BABY VER 3 2021 CHỐNG ỒN KẾT NỐI 2 CÁCH-HÀNG CHÍNH HÃNG,140682,Beens International,134330267,Chuột Văn Phòng Không Dây,32745,Royche,161263,25,645050,483787,0.0,0,delivery_info_badge,"Giao thứ 3, ngày 30/05",2023-05-27 00:38:01.348564
44,144450255,"Chuột bi không dây, kết nối 3 phương thức ELECOM M-XPT1MRBK - Hàng chính hãng ",4314,Happystores,144450256,Chuột Văn Phòng Không Dây,19072,Elecom,320000,15,2190000,1870000,0.0,0,delivery_info_badge,"Giao thứ 3, ngày 30/05",2023-05-27 00:38:01.348564
45,151570429,Chuột Không Dây Bluetooth RAPOO MT550 Tối Đa 4 Thiết Bị 3 Chế Độ Kết Nối - Hàng Chính Hãng,280245,RAPOO Official Store,174865152,Chuột Văn Phòng Không Dây,20271,Rapoo,200000,29,699000,499000,4.8,22,delivery_info_badge,"Giao thứ 4, ngày 31/05",2023-05-27 00:38:01.348564
46,186147077,Chuột Không Dây Logitech M325s - Hàng Chính Hãng,858,IT CHÍNH HÃNG (HCM),208137306,Chuột Văn Phòng Không Dây,18984,Logitech,0,0,360000,360000,0.0,0,delivery_info_badge,"Giao thứ 3, ngày 30/05",2023-05-27 00:38:01.348564
47,104627322,Chuột Không Dây Hình Siêu Xe Cực Ngầu V.3,189164,Lingha Fashion,104627328,Chuột Văn Phòng Không Dây,111461,OEM,0,0,259000,259000,2.0,1,delivery_info_badge,"Giao thứ 4, ngày 31/05",2023-05-27 00:38:01.348564
48,192419730,"Chuột Không Dây HAVIT MS989, 2 Chế Độ DPI, Tích Hợp 3 Nút Điều Chỉnh, Tuổi Thọ 3 Triệu Lần Nhấn - Hàng Chính Hãng",276001,Phụ Kiện DEBOX STORE,192419733,Chuột Văn Phòng Không Dây,204385,Havit,75000,50,150000,75000,5.0,2,delivery_info_badge,"Giao thứ 3, ngày 30/05",2023-05-27 00:38:01.348564
49,42928796,Chuột Không Dây A4Tech G3-200NS 1000 DPI Silent Wireless 2.5GHz - Hàng Chính Hãng,8948,A4Tech Official Store,58079443,Chuột Văn Phòng Không Dây,48051,A4Tech,0,0,170000,170000,5.0,3,delivery_info_badge,"Giao thứ 3, ngày 30/05",2023-05-27 00:38:01.348564
50,174628414,Chuột Không Dây Bluetooth Microsoft BlueTrack Modern Mobile - Hàng Chính Hãng,127051,TrustBuy,174628420,Chuột Văn Phòng Không Dây,19246,Microsoft,210000,23,899000,689000,4.6,31,tikinow,Giao siêu tốc 2H,2023-05-27 00:38:03.024975
51,45426131,CHUỘT KHÔNG DÂY BANDA Q3 - HÀNG NHẬP KHẨU,119404,BÒN BON STORE,52333584,Chuột Văn Phòng Không Dây,518859,Banda,0,0,75000,75000,0.0,0,delivery_info_badge,"Giao thứ 3, ngày 30/05",2023-05-27 00:38:03.024975
52,74953697,"Chuột sạc không dây Inphic M2B 2.4G Bluetooth 5.0, chuột quang không dây 3 chế độ dành cho máy tính - Hàng chính hãng",5411,vinet shop,101371969,Chuột Văn Phòng Không Dây,703139,Inphic,0,0,168300,168300,2.5,2,delivery_info_badge,"Giao thứ 2, ngày 29/05",2023-05-27 00:38:03.024975
53,195528062,"Chuột không dây MOFII M3 thiết kế tai mèo kết nối bằng chip USB 2.4 và BLUETOOTH với điện thoại, ipad, máy tính,... - HÀNG CHÍNH HÃNG",249464,SHOP VL288,195528066,Chuột Văn Phòng Không Dây,63744,Mofii,0,0,219900,219900,2.0,1,delivery_info_badge,"Giao thứ 3, ngày 30/05",2023-05-27 00:38:03.024975
54,176902958,Chuột không dây Rapoo MT750S - Hàng Chính Hãng,200265,Kmart Store,176902959,Chuột Văn Phòng Không Dây,20271,Rapoo,0,0,885000,885000,0.0,0,delivery_info_badge,"Giao thứ 2, ngày 29/05",2023-05-27 00:38:03.024975
55,76558983,Chuột Không Dây Sạc Pin Máy Tính Sidotech M2S Chống Ồn Thiết Kế Công Thái Học Đèn LED RGB Thuộc Dòng Chuột Không Dây Gaming Logitech Fuhlen Xiaomi Apple Genius Dell Phù Hợp Cho Laptop Pc TV - Hàng Chính Hãng,117888,Sido Tech Official Store,76558985,Chuột Văn Phòng Không Dây,777069,SIDOTECH,0,0,119000,119000,4.5,39,delivery_info_badge,"Giao thứ 4, ngày 31/05",2023-05-27 00:38:03.024975
56,151605868,Chuột Không Dây Chống Ồn Genius NX-8000S - Hàng Chính Hãng ,287323,SILICOM STORE,182985564,Chuột Văn Phòng Không Dây,19071,Genius,13930,7,199000,185070,0.0,0,delivery_info_badge,"Giao thứ 3, ngày 30/05",2023-05-27 00:38:03.024975
57,74968954,Chuột Bluetooth + Wifi Inphic PM9BS có thể sạc lại (ba chế độ BT5.0 / 3.0 + 2.4Ghz) - Hàng chính hãng,132607,Yesbuy Store,74968960,Chuột Văn Phòng Không Dây,703139,Inphic,0,0,270000,270000,4.0,5,delivery_info_badge,"Giao thứ 4, ngày 31/05",2023-05-27 00:38:03.024975
58,204302593,"Chuột không dây Razer DeathAdder V3 Pro-Ergonomic Wireless Gaming Mouse_Mới, hàng chính hãng",271168,Good World,204302598,Chuột Văn Phòng Không Dây,18776,Razer,0,0,3990000,3990000,0.0,0,delivery_info_badge,"Giao thứ 4, ngày 31/05",2023-05-27 00:38:03.024975
59,252678577,Chuột không dây Logitech M325S Màu Bạc Nhạt- Hàng chính hãng,212803,Thành Nhân SINCE 1994,252678578,Chuột Văn Phòng Không Dây,18984,Logitech,0,0,379000,379000,0.0,0,delivery_info_badge,"Giao thứ 2, ngày 29/05",2023-05-27 00:38:03.024975
60,101280008,Chuột Văn Phòng Không Dây Cao Cấp IMICE G-1600 Silent Giảm Ồn 90% Bộ Thu Nano Tự Động Kết Nối  Hoạt Động Chính Xác Mượt Mà Khoảng Cách 10m Tiết Kiệm Pin Thông Minh Thay Đổi Nhanh  Độ Phân Giải 800/1200/1600DPI - Hàng Chính Hãng,165536,DDLstore,101280016,Chuột Văn Phòng Không Dây,192495,Imice,73000,35,210000,137000,4.5,25,delivery_info_badge,"Giao thứ 4, ngày 31/05",2023-05-27 00:38:03.024975
61,252678439,Chuột không dây Logitech M325S Màu Bạc Đậm- Hàng chính hãng,212803,Thành Nhân SINCE 1994,252678440,Chuột Văn Phòng Không Dây,18984,Logitech,0,0,379000,379000,0.0,0,delivery_info_badge,"Giao thứ 2, ngày 29/05",2023-05-27 00:38:03.024975
62,196839329,"Chuột không dây MOFII M3 thiết kế tai mèo kết nối bằng chip USB 2.4 và BLUETOOTH với điện thoại, máy tính,... - Hàng Chính Hãng",17740,VƯƠNG HUY TUẤN,196839335,Chuột Văn Phòng Không Dây,63744,Mofii,0,0,199000,199000,0.0,0,delivery_info_badge,"Giao thứ 3, ngày 30/05",2023-05-27 00:38:03.024975
63,230052567,"Chuột không dây pin sạc T3 Chống ồn, thích hợp cho học sinh, dân văn phòng - JL",64160,Công Nghệ July,230052569,Chuột Văn Phòng Không Dây,111461,OEM,0,0,79000,79000,0.0,0,delivery_info_badge,"Giao thứ 3, ngày 30/05",2023-05-27 00:38:03.024975
64,195639168,Chuột thông minh i-Tek Pro-S (Nhập liệu - phiên dịch bằng giọng nói),301320,Phạm Ngoc Anh i Tek,195639169,Chuột Văn Phòng Không Dây,111461,OEM,0,0,990000,990000,0.0,0,delivery_info_badge,"Giao thứ 4, ngày 31/05",2023-05-27 00:38:03.024975
65,151570429,Chuột Không Dây Bluetooth RAPOO MT550 Tối Đa 4 Thiết Bị 3 Chế Độ Kết Nối - Hàng Chính Hãng,280245,RAPOO Official Store,174865152,Chuột Văn Phòng Không Dây,20271,Rapoo,200000,29,699000,499000,4.8,22,delivery_info_badge,"Giao thứ 4, ngày 31/05",2023-05-27 00:38:03.024975
66,88998970,Chuột Không Dây M90S - Bluetooth 5.0 + Wireless 2.4G  - Pin sạc  - Chống ồn,20367,VI TÍNH NAM TRUNG HẢI,190253933,Chuột Văn Phòng Không Dây,111461,OEM,0,0,95000,95000,4.0,1,delivery_info_badge,"Giao thứ 2, ngày 29/05",2023-05-27 00:38:03.024975
67,184886268,Chuột không dây Silent A4 Tech G3-280NS màu xám đen- Hàng chính hãng,212803,Thành Nhân SINCE 1994,184886269,Chuột Văn Phòng Không Dây,48051,A4Tech,0,0,169000,169000,0.0,0,delivery_info_badge,"Giao thứ 2, ngày 29/05",2023-05-27 00:38:03.024975
68,32045801,CHUỘT SIMETECH S5500 SILENT CLICK - CHUỘT CƠ BẤM KHÔNG KÊU TIẾNG (GIAO MÀU NGẪU NHIÊN),119404,BÒN BON STORE,52322455,Chuột Văn Phòng Không Dây,229295,Simetech,0,0,199000,199000,1.0,1,delivery_info_badge,"Giao thứ 3, ngày 30/05",2023-05-27 00:38:03.024975
69,9522516,Chuột máy tính không dây Newmen F266S - Hàng Chính Hãng,65781,Máy Tính Bảo Minh,24947415,Chuột Văn Phòng Không Dây,20055,Newmen,0,0,179000,179000,2.5,2,delivery_info_badge,"Giao thứ 4, ngày 31/05",2023-05-27 00:38:03.024975
70,174419861,Chuột Không Dây Bluetooth Microsoft Mouse - Hàng Chính Hãng,127051,TrustBuy,174420440,Chuột Văn Phòng Không Dây,19246,Microsoft,151000,24,640000,489000,5.0,27,tikinow,Giao siêu tốc 2H,2023-05-27 00:38:03.024975
71,39366063,Chuột sạc không dây vừa bluetooth vừa usb xài một lúc 3 thiết bị - C0011,28122,shopthoitranganhnguyen,39366072,Chuột Văn Phòng Không Dây,111461,OEM,0,0,390000,390000,5.0,1,delivery_info_badge,"Giao thứ 2, ngày 29/05",2023-05-27 00:38:03.024975
72,154786990,Chuột không dây  A4 TECH G3-280A-1-Hàng chính hãng,212803,Thành Nhân SINCE 1994,154786991,Chuột Văn Phòng Không Dây,48051,A4Tech,0,0,159000,159000,0.0,0,delivery_info_badge,"Giao thứ 2, ngày 29/05",2023-05-27 00:38:03.024975
73,253067093,"Chuột máy tính không dây Lecoo WS202 thiết kế nhỏ gọn, 3 độ phân giải DPI khác nhau - Hàng chính hãng",915,Nova Computer,253067101,Chuột Văn Phòng Không Dây,5383189,Lecoo,20000,13,159000,139000,0.0,0,delivery_info_badge,"Giao thứ 3, ngày 30/05",2023-05-27 00:38:03.024975
74,192419750,"Chuột Không Dây HAVIT MS56GT 3 Chế Độ DPI, Tích Hợp 4 Nút Điều Chỉnh - Hàng Chính Hãng",276001,Phụ Kiện DEBOX STORE,192419751,Chuột Văn Phòng Không Dây,204385,Havit,125000,50,250000,125000,0.0,0,delivery_info_badge,"Giao thứ 3, ngày 30/05",2023-05-27 00:38:03.024975
75,88998970,Chuột Không Dây M90S - Bluetooth 5.0 + Wireless 2.4G  - Pin sạc  - Chống ồn,58789,Tech7,88998971,Chuột Văn Phòng Không Dây,111461,OEM,0,0,165000,165000,4.7,3,delivery_info_badge,"Giao thứ 2, ngày 29/05",2023-05-27 00:38:03.024975
76,51060726,Chuột không dây 3D thể thao Porsche tặng miếng lót chuột - Hàng Nhập Khẩu,98879,Shop Gia Dụng Bình An,51060729,Chuột Văn Phòng Không Dây,48713,Porsche,3000,2,139000,136000,5.0,2,delivery_info_badge,"Giao thứ 4, ngày 31/05",2023-05-27 00:38:03.024975
77,50237110,CHUỘT KHÔNG DÂY SIMETECH S168 - GIAO MÀU NGẪU NHIÊN HÀNG CHÍNH HÃNG,119404,BÒN BON STORE,52322500,Chuột Văn Phòng Không Dây,229295,Simetech,0,0,149000,149000,0.0,0,delivery_info_badge,"Giao thứ 3, ngày 30/05",2023-05-27 00:38:03.024975
78,47116237,Chuột Không Dây Simetech S530 1500 DPI - Giao Màu Ngẫu Nhiên - Hàng Chính Hãng,119404,BÒN BON STORE,52322685,Chuột Văn Phòng Không Dây,229295,Simetech,0,0,169500,169500,0.0,0,delivery_info_badge,"Giao thứ 3, ngày 30/05",2023-05-27 00:38:03.024975
79,105275161,Chuột Không Dây Văn Phòng T-Wolf Q3,189789,TWolf Computer,105275166,Chuột Văn Phòng Không Dây,111461,OEM,0,0,69000,69000,0.0,0,delivery_info_badge,"Giao thứ 3, ngày 30/05",2023-05-27 00:38:03.024975
80,151564798,Chuột Không Dây Silent Wireless Và Bluetooth RAPOO M300 - Hàng chính hãng,280245,RAPOO Official Store,174863348,Chuột Văn Phòng Không Dây,20271,Rapoo,170000,34,499000,329000,4.8,38,delivery_info_badge,"Giao thứ 4, ngày 31/05",2023-05-27 00:38:03.024975
81,115483457,CHUỘT KHÔNG DÂY SILENT SIMETECH S890 - HÀNG CHÍNH HÃNG (GIAO MÀU NGẪU NHIÊN),119404,BÒN BON STORE,115483458,Chuột Văn Phòng Không Dây,229295,Simetech,0,0,98000,98000,3.3,4,delivery_info_badge,"Giao thứ 3, ngày 30/05",2023-05-27 00:38:03.024975
82,253232758,Chuột không dây G6SBT kết nối 3 chế độ với kiểu dáng robot mới lạ kèm theo 11 chế độ led RGB cực đẹp - VL,249464,SHOP VL288,253232759,Chuột Văn Phòng Không Dây,111461,OEM,0,0,349900,349900,0.0,0,delivery_info_badge,"Giao thứ 3, ngày 30/05",2023-05-27 00:38:03.024975
83,107972504,Chuột Không Dây Thiết Kế Theo Mô Hình Siêu Xe V.3,189384,Huyền Fashion Store,107972512,Chuột Văn Phòng Không Dây,111461,OEM,0,0,259000,259000,0.0,0,delivery_info_badge,"Giao thứ 3, ngày 30/05",2023-05-27 00:38:03.024975
84,196187316,Chuột Không Dây Hình  OTO Huqu V3- Độ Phân Giải Quang Học 1200DPI- Hàng Chính Hãng,281739,HuQu Official,196187331,Chuột Văn Phòng Không Dây,5763205,HuQu,61000,23,270000,209000,5.0,34,delivery_info_badge,"Giao thứ 4, ngày 31/05",2023-05-27 00:38:03.024975
85,147806456," Chuột Trackball bi đỏ không dây, kết nối 3 phương thức ELECOM M-XPT1MRBK - Hàng chính hãng",207195,ELECOM store,147806457,Chuột Văn Phòng Không Dây,19072,Elecom,328500,15,2190000,1861500,5.0,4,delivery_info_badge,"Giao thứ 3, ngày 30/05",2023-05-27 00:38:03.024975
86,260942733,Chuột không dây XUNFOX XYH20 trong suốt với 3 chế độ kết nối - HT,106273,Hitech07,260942737,Chuột Văn Phòng Không Dây,111461,OEM,0,0,800000,800000,0.0,0,delivery_info_badge,"Giao thứ 3, ngày 30/05",2023-05-27 00:38:03.024975
87,190624400,"Chuột Không Dây HAVIT MS989, 2 Chế Độ DPI, Tích Hợp 3 Nút Điều Chỉnh, Tuổi Thọ 1 Triệu Lần Nhấn - Hàng Chính Hãng",187121,Phụ Kiện Hoàn Linh,198733988,Chuột Văn Phòng Không Dây,204385,Havit,75000,50,150000,75000,0.0,0,delivery_info_badge,"Giao thứ 2, ngày 29/05",2023-05-27 00:38:03.024975
88,176685751,Chuột Không Dây Cao Cấp MX Silent Chế Độ Kép Bluetooth-2.4Ghz - Hàng Chất Lượng Cao,193897,DVG SHOP,176685752,Chuột Văn Phòng Không Dây,111461,OEM,0,0,89000,89000,0.0,0,delivery_info_badge,"Giao thứ 4, ngày 31/05",2023-05-27 00:38:03.024975
89,105188202,Chuột Văn Phòng K.3.6.1 (Giao Mẫu Ngẫu Nhiên ),112487,Công Nghệ Việt Anh,138828432,Chuột Văn Phòng Không Dây,111461,OEM,27000,9,309000,282000,0.0,0,delivery_info_badge,"Giao thứ 4, ngày 31/05",2023-05-27 00:38:03.024975
90,157215759,Chuột Không Dây GX9 - Bluetooth + Wireless 2.4G  - Pin sạc  - Chống ồn - hàng nhập khẩu,58789,Tech7,157215760,Chuột Văn Phòng Không Dây,5376747,GX9,0,0,310000,310000,4.2,33,delivery_info_badge,"Giao thứ 2, ngày 29/05",2023-05-27 00:38:03.024975
91,257846563,Chuột không dây Vtrack A4TECH G3-280A - hàng chính hãng,12854,ThuanThienTs,257846564,Chuột Văn Phòng Không Dây,48051,A4Tech,60100,29,210000,149900,0.0,0,delivery_info_badge,"Giao thứ 2, ngày 29/05",2023-05-27 00:38:03.024975
92,190468044,Chuột buetooth không dây S15 có led auto đổi màu cực đẹp sử dụng pin sạc - HN,329374,HN COMPUTER,243097706,Chuột Văn Phòng Không Dây,111461,OEM,0,0,148900,148900,0.0,0,delivery_info_badge,"Giao thứ 3, ngày 30/05",2023-05-27 00:38:03.024975
93,59297591,Chuột không dây warship V3 - hàng nhập khẩu,5411,vinet shop,59297592,Chuột Văn Phòng Không Dây,148525,Warship,9000,9,99000,90000,5.0,1,delivery_info_badge,"Giao thứ 3, ngày 30/05",2023-05-27 00:38:03.024975
94,139234108,Chuột không dây tự sạc 3 chế độ - Hàng nhập khẩu,225592,Thiết bị số và phụ kiện,139234110,Chuột Văn Phòng Không Dây,5203913,ICTECH,0,0,120000,120000,0.0,0,delivery_info_badge,"Giao thứ 5, ngày 01/06",2023-05-27 00:38:03.024975
95,196686640,Chuột công thái học không dây Rapoo EV250 Ergonomic Mouse - Hàng Chính Hãng,280245,RAPOO Official Store,196686641,Chuột Văn Phòng Không Dây,20271,Rapoo,150000,33,449000,299000,4.5,14,delivery_info_badge,"Giao thứ 4, ngày 31/05",2023-05-27 00:38:03.024975
96,7748478,Chuột không dây Newmen F266S - Hàng Chính Hãng,65781,Máy Tính Bảo Minh,24946577,Chuột Văn Phòng Không Dây,20055,Newmen,0,0,199000,199000,0.0,0,delivery_info_badge,"Giao thứ 4, ngày 31/05",2023-05-27 00:38:03.024975
97,105188240,Chuột Không Dây OT.3,112487,Công Nghệ Việt Anh,138828368,Chuột Văn Phòng Không Dây,111461,OEM,25000,9,279000,254000,4.0,1,delivery_info_badge,"Giao thứ 4, ngày 31/05",2023-05-27 00:38:03.024975
98,52177416,Chuột không dây chất - độc - lạ V1.3 - Trắng,112487,Công Nghệ Việt Anh,52206829,Chuột Văn Phòng Không Dây,111461,OEM,27000,11,249000,222000,3.0,2,delivery_info_badge,"Giao thứ 4, ngày 31/05",2023-05-27 00:38:03.024975
99,249205874,Chuột không dây XUNFOX XYH20 3 chế độ kết nối với thiết kế trong suốt mới lạ kèm theo nhiều chế độ đèn led RGB - VL,249464,SHOP VL288,249205878,Chuột Văn Phòng Không Dây,111461,OEM,0,0,349900,349900,0.0,0,delivery_info_badge,"Giao thứ 3, ngày 30/05",2023-05-27 00:38:03.024975
100,174640508,Chuột Không Dây Bluetooth Uốn Dẻo Microsoft Arc Mouse Dùng Cho Macbook Surface Laptop - Hàng Chính Hãng,127051,TrustBuy,174640514,Chuột Văn Phòng Không Dây,19246,Microsoft,741000,28,2690000,1949000,5.0,2,tikinow,Giao siêu tốc 2H,2023-05-27 00:38:04.650188
101,52343292,Chuột quang không dây cá tính v1.3 cao cấp - Hàng nhập khẩu,112487,Công Nghệ Việt Anh,55854188,Chuột Văn Phòng Không Dây,111461,OEM,20500,8,268500,248000,3.6,5,delivery_info_badge,"Giao thứ 4, ngày 31/05",2023-05-27 00:38:04.650188
102,203913453,"Chuột máy tính không dây Lecoo WS202, thiết kế nhỏ gọn, 3 độ phân giải DPI khác nhau - BH 24 tháng Hàng nhập khẩu",9219,CÔNG TY TAKO,203913459,Chuột Văn Phòng Không Dây,5383189,Lecoo,0,0,180000,180000,0.0,0,delivery_info_badge,"Giao thứ 4, ngày 31/05",2023-05-27 00:38:04.650188
103,41354841,Chuột Không Dây Simetech S880 - Hàng Chính Hãng (Giao Màu Ngẫu Nhiên),119404,BÒN BON STORE,52322294,Chuột Văn Phòng Không Dây,229295,Simetech,0,0,119000,119000,5.0,1,delivery_info_badge,"Giao thứ 3, ngày 30/05",2023-05-27 00:38:04.650188
104,208310591,Chuột Không Dây Ugreen 2.4G 3 Cấp Độ DPI 1000-1600-2400 Cho Laptop 90371 hàng chính hãng,16801,PhuKienDienTu VN,217778635,Chuột Văn Phòng Không Dây,243693,UGREEN,0,0,200000,200000,0.0,0,delivery_info_badge,"Giao thứ 4, ngày 31/05",2023-05-27 00:38:04.650188
105,171085917,Chuột Không Dây đa kết nối Q13B - Bluetooth 5.2 -  Wireless USB 2.4ghz - Pin sạc - chống ồn - hàng nhập khẩu,58789,Tech7,171085919,Chuột Văn Phòng Không Dây,4958245,TWOLF,0,0,240000,240000,4.0,2,delivery_info_badge,"Giao thứ 2, ngày 29/05",2023-05-27 00:38:04.650188
106,253125554,Chuột không dây thế hệ mới đến từ KIWI – Model S191,332692,Nhà Bếp Thông Minh 99,253125561,Chuột Văn Phòng Không Dây,111461,OEM,0,0,150000,150000,0.0,0,delivery_info_badge,"Giao thứ 3, ngày 30/05",2023-05-27 00:38:04.650188
107,204057081,"Chuột Không Dây Hoco GM14 Dành Cho PC Và Laptop, Nhựa ABS, Trọng Lượng Nhẹ, Nhỏ Gọn, Chống Xước, DPI 1200, Chíp MX8650 - Hàng Chính Hãng",141813,CHOCONGNGHE,210510849,Chuột Văn Phòng Không Dây,21653,Hoco,0,0,149000,149000,0.0,0,delivery_info_badge,"Giao thứ 4, ngày 31/05",2023-05-27 00:38:04.650188
108,195212880,Chuột không dây Silent A4 Tech G3-280NS màu đen đỏ-Hàng chính hãng,212803,Thành Nhân SINCE 1994,195212881,Chuột Văn Phòng Không Dây,48051,A4Tech,0,0,179000,179000,0.0,0,delivery_info_badge,"Giao thứ 2, ngày 29/05",2023-05-27 00:38:04.650188
109,260686095,Chuột không dây Newmen F300S (Silent) Đen / Hồng 2.4Ghz - Hàng Chính Hãng,45223,Bảo Hân Treasures,260686099,Chuột Văn Phòng Không Dây,20055,Newmen,0,0,185000,185000,0.0,0,delivery_info_badge,"Giao thứ 3, ngày 30/05",2023-05-27 00:38:04.650188
110,166056864,"Chuột Không Dây Bluetooth Sạc Lại Khi Hết Pin Bản Cao Cấp, Chống Ồn Chế Độ Kép Wireless Usb 2.4Ghz, Bluetooth, Sạc 1 Lần Dùng 4 Tuần, Hiệu Ứng Đèn Led RGB Dành Cho Macbook, Laptop, iPad Và Smart TV",227274,AJ CAMERA,166056868,Chuột Văn Phòng Không Dây,561415,	OEM,75000,28,269000,194000,4.8,5,delivery_info_badge,"Giao thứ 4, ngày 31/05",2023-05-27 00:38:04.650188
111,102918050, Chuột không dây kiểu dáng siêu xe Porsche 3D,190297,Hàng công nghệ An An,102918080,Chuột Văn Phòng Không Dây,111461,OEM,0,0,169000,169000,4.0,1,delivery_info_badge,"Giao thứ 4, ngày 31/05",2023-05-27 00:38:04.650188
112,109179445,Chuột Không Dây O3,189352,Quân Fashion Store,109179472,Chuột Văn Phòng Không Dây,111461,OEM,0,0,279000,279000,0.0,0,delivery_info_badge,"Giao thứ 4, ngày 31/05",2023-05-27 00:38:04.650188
113,109179669,Chuột Văn Phòng KHông Dây P3.60 (Chuột Sạc ),189352,Quân Fashion Store,109179690,Chuột Văn Phòng Không Dây,111461,OEM,0,0,269000,269000,0.0,0,delivery_info_badge,"Giao thứ 4, ngày 31/05",2023-05-27 00:38:04.650188
114,86297359,Chuột không dây đa năng - Tặng lót chuột (BH 3 tháng),174379,Hùng Dũng 68,86297362,Chuột Văn Phòng Không Dây,111461,OEM,0,0,89000,89000,5.0,2,delivery_info_badge,"Giao thứ 4, ngày 31/05",2023-05-27 00:38:04.650188
115,76558983,Chuột Không Dây Sạc Pin Máy Tính Sidotech M2S Chống Ồn Thiết Kế Công Thái Học Đèn LED RGB Thuộc Dòng Chuột Không Dây Gaming Logitech Fuhlen Xiaomi Apple Genius Dell Phù Hợp Cho Laptop Pc TV - Hàng Chính Hãng,117888,Sido Tech Official Store,76558985,Chuột Văn Phòng Không Dây,777069,SIDOTECH,0,0,119000,119000,4.5,39,delivery_info_badge,"Giao thứ 4, ngày 31/05",2023-05-27 00:38:04.650188
116,116893238,Chuột không dây Fuhlen M18S (USB/Đen) - Hàng Chính Hãng,11988,Thiên Thảo Computer,116893241,Chuột Văn Phòng Không Dây,204851,Fuhlen,0,0,119000,119000,0.0,0,delivery_info_badge,"Giao thứ 4, ngày 31/05",2023-05-27 00:38:04.650188
117,114264085,Chuột Không Dây Kết Nối Cổng USB Hình Xe Hơi 2.4ghz Porsche_3D,189164,Lingha Fashion,122655732,Chuột Văn Phòng Không Dây,111461,OEM,13000,8,159000,146000,0.0,0,delivery_info_badge,"Giao thứ 4, ngày 31/05",2023-05-27 00:38:04.650188
118,52137406,Chuột không dây mô hình ô tô V3,98879,Shop Gia Dụng Bình An,52137410,Chuột Văn Phòng Không Dây,111461,OEM,5000,2,219000,214000,0.0,0,delivery_info_badge,"Giao thứ 4, ngày 31/05",2023-05-27 00:38:04.650188
119,257781747,Chuột không dây thế hệ mới đến từ KIWI – Model S191,332692,Nhà Bếp Thông Minh 99,257781757,Chuột Văn Phòng Không Dây,111461,OEM,0,0,150000,150000,0.0,0,delivery_info_badge,"Giao thứ 3, ngày 30/05",2023-05-27 00:38:04.650188
120,260202943,Chuột không dây XUNFOX XYH20 3 chế độ kết nối với thiết kế trong suốt mới lạ kèm theo nhiều chế độ đèn led RGB - JL - HÀNG CHÍNH HÃNG,64160,Công Nghệ July,260203237,Chuột Văn Phòng Không Dây,5623067,XUNFOX,0,0,299000,299000,0.0,0,delivery_info_badge,"Giao thứ 3, ngày 30/05",2023-05-27 00:38:04.650188
121,169398717,Chuột không dây Razer Basilisk X HyperSpeed RZ01-03150100-R3A1 - Hàng chính hãng,162514,Long Hưng TechZone,169398718,Chuột Văn Phòng Không Dây,18776,Razer,140000,11,1330000,1190000,0.0,0,delivery_info_badge,"Giao thứ 3, ngày 30/05",2023-05-27 00:38:04.650188
122,192419693,"Chuột Không Dây HAVIT MS64GT, Tích Hợp 3 Chế Độ DPI, Thiết Kế Công Thái Học Nhiều Màu Sắc - Hàng Chính Hãng",276001,Phụ Kiện DEBOX STORE,192419699,Chuột Văn Phòng Không Dây,204385,Havit,175000,50,350000,175000,5.0,1,delivery_info_badge,"Giao thứ 3, ngày 30/05",2023-05-27 00:38:04.650188
123,31941392,CHUỘT KHÔNG DÂY SIMETECH S880 - hàng chính hãng,51420,Phụ Kiện Số Pro,31941405,Chuột Văn Phòng Không Dây,229295,Simetech,0,0,120000,120000,5.0,3,delivery_info_badge,"Giao thứ 3, ngày 30/05",2023-05-27 00:38:04.650188
124,204433484,"Chuột máy tính không dây Lecoo WS203, độ bền phím 3 triệu lần bấm - BH 24 tháng, Hàng nhập khẩu",9219,CÔNG TY TAKO,204433485,Chuột Văn Phòng Không Dây,5383189,Lecoo,0,0,250000,250000,0.0,0,delivery_info_badge,"Giao thứ 4, ngày 31/05",2023-05-27 00:38:04.650188
125,102918086,Chuột mô hình siêu xe️️Chuột bluetooth mini cao cấp - Chuột máy tính không dây mô hình ô tô (Ferrari) V3,190297,Hàng công nghệ An An,102918105,Chuột Văn Phòng Không Dây,111461,OEM,0,0,199000,199000,0.0,0,delivery_info_badge,"Giao thứ 4, ngày 31/05",2023-05-27 00:38:04.650188
126,220822718,Combo 3 tã dán sơ sinh Huggies mới S54 (4kg-8kg) - Gói 54 miếng Tràm Trà + Tặng 6 miếng,1,Tiki Trading,220822719,Tã dán,26702,Huggies,145000,22,660000,515000,4.7,17,tikinow,Giao siêu tốc 2H,2023-05-27 00:38:04.650188
127,248882358,"Quạt Mini Đeo Cổ Không Cánh Seasy S57, Biên Độ Thổi Rộng 360 Độ, 3 Cấp Độ Gió, Tích Hợp Đèn Led Đổi Màu, Màn Hình Kỹ Thuật Số, Thiết Kế Chống Bụi Và Mồ Hôi - Hàng Chính Hãng",195068,SEASY TECH STORE,248882362,Quạt mini,5048343,SeaSy,120000,24,499000,379000,4.6,21,delivery_info_badge,"Giao thứ 2, ngày 29/05",2023-05-27 00:38:04.650188
128,175104946,Thẻ Nhớ Micro SDXC Samsung Evo Plus U3 130MB/s 256GB New - Hàng Nhập Khẩu,783,Lưu Trữ Sài Gòn,175104947,Thẻ Nhớ Điện Thoại,18802,Samsung,0,0,490000,490000,4.8,107,tikinow,Giao siêu tốc 2H,2023-05-27 00:38:04.650188
129,245772077,Tai Nghe Không Dây Bluetooth ROBOT T50S - Bluetooth 5.3 - Chống Nước IPX4 - Âm Thanh Sống Động - HÀNG CHÍNH HÃNG,97516,Wook Store,245772081,Tai Nghe Bluetooth Nhét Tai,314675,Robot,150000,38,399000,249000,4.5,8,tikinow,Giao siêu tốc 2H,2023-05-27 00:38:04.650188
130,195863820,Thẻ nhớ SDXC SanDisk Extreme U3 V30 64GB 170MB/s SDSDXV2-064G (New 2022) - Hàng Nhập Khẩu,783,Lưu Trữ Sài Gòn,195863822,Thẻ Nhớ SD,18845,SanDisk,0,0,265000,265000,5.0,27,tikinow,Giao siêu tốc 2H,2023-05-27 00:38:04.650188
131,171657209,Thẻ Nhớ Micro SDXC Samsung Evo Plus U3 130MB/s 128GB New  - Hàng Nhập Khẩu,783,Lưu Trữ Sài Gòn,171657210,Thẻ Nhớ Điện Thoại,18802,Samsung,0,0,260000,260000,5.0,153,tikinow,Giao siêu tốc 2H,2023-05-27 00:38:04.650188
132,191781274,Combo 3 gói Tã/bỉm dán nhập Hàn Mamamy Ultraflow Đủ size S-M-L-XL 3 miếng/túi,1293,MAMAMY OFFICIAL STORE,191781282,Tã dán,79709,Mamamy,0,0,114000,114000,5.0,4,delivery_info_badge,"Giao thứ 3, ngày 30/05",2023-05-27 00:38:04.650188
133,110186079,"Cáp QGeeM chuyển đổi USB Type C sang 3.5mm Headphone jack, cáp USB C sang Aux Audio Dongle cho Samsung Galaxy S20, iPad Pro.v.v-Hàng chính hãng",95215,KID im,110186080,Dây Cáp Sạc USB Type-C,505907,QGeeM,145000,50,289000,144000,4.6,120,tikinow,Giao siêu tốc 2H,2023-05-27 00:38:04.650188
134,165045880,Máy cạo râu Philips điện 3 lưỡi tự mài đa năng khô và ướt S1050 - Hàng Nhập Khẩu,154541,cuong30042000,165045881,Dao - Máy cạo râu & Hớt tóc,243687, Philips,351000,33,1050000,699000,4.8,111,tikinow,Giao siêu tốc 2H,2023-05-27 00:38:04.650188
135,97553886,"Bút Chì Phác Thảo Cao Cấp Deli Nuevo S999 | Độ Cứng Từ B - 14B, H, 2H, 3H, HB - 12 Chiếc",113115,Deli Official Store,97553909,Bút chì - Ruột bút chì,46703,Deli,6400,44,14400,8000,5.0,507,delivery_info_badge,"Giao thứ 4, ngày 31/05",2023-05-27 00:38:04.650188
136,226904305,"Gậy chụp ảnh, Tripod B11s - Tích hợp 3 chân kèm theo đèn flash mini và remote điều khiển từ xa - Hàng chính hãng",119701,The Magic,226904307,Gậy Tự Sướng - Selfie,5147565,MAWA,91000,36,250000,159000,5.0,3,tikinow,Giao siêu tốc 2H,2023-05-27 00:38:04.650188
137,35420153,"Cáp sạc nhanh, truyền dữ liệu tốc độ cao Baseus Cafule Type C cho Samsung S8/S9/ Note8/ Note9/ Xiaomi/ Huawei/ Oppo/Nokia ( 3A, Sạc nhanh Quick charge 3.0, Siêu bền)- Hàng nhập khẩu",313025,TAKA Phụ Kiện Số,243045204,Dây Cáp Sạc USB Type-C,21651,Baseus,84000,47,179000,95000,5.0,5,tikinow,Giao siêu tốc 2H,2023-05-27 00:38:04.650188
138,75587969,Tai Nghe Có Dây Nhét Tai VIVAN Q11S 3.5mm Âm Thanh HD Bọc Dù Siêu Bền Tích Hợp Micro Đàm Thoại - HÀNG CHÍNH HÃNG,97516,Wook Store,75587971,Tai Nghe Có Dây Nhét Tai,625853,vivan,47000,27,176000,129000,4.7,34,tikinow,Giao siêu tốc 2H,2023-05-27 00:38:04.650188
139,99395822, TAI NGHE NHÉT TAI S5830- JACK 3.5 DÀNH CHO SAMSUNG-CÓ MIC ĐÀM THOẠI  - Hàng Cao Cấp Loại S,144022,SHOP NHÀ BON,160940869,Tai Nghe Có Dây Nhét Tai,111461,OEM,0,0,29000,29000,4.8,41,tikinow,Giao siêu tốc 2H,2023-05-27 00:38:04.650188
140,77675085,Bộ 3 Hộp Kem Đánh Răng P/S Giảm Ê Buốt Sau 30 Giây Sensitive Mineral Expert Original Với Tác Động Từ Khoáng 100G,1,Tiki Trading,77675086,Kem đánh răng,21271,P/S,16900,12,141900,125000,4.8,147,tikinow,Giao siêu tốc 2H,2023-05-27 00:38:04.650188
141,173137800,Thẻ Nhớ Micro SDXC Samsung Evo Plus U3 130MB/s 512GB New - Hàng Nhập Khẩu,783,Lưu Trữ Sài Gòn,173137801,Thẻ Nhớ Điện Thoại,18802,Samsung,0,0,1050000,1050000,5.0,44,tikinow,Giao siêu tốc 2H,2023-05-27 00:38:04.650188
142,193717163,Thẻ nhớ SDXC SanDisk Extreme Pro SDSDXXU-064G U3 V30 64GB 200MB/s New 2022 - Hàng Nhập Khẩu,783,Lưu Trữ Sài Gòn,193717165,Thẻ Nhớ SD,18845,SanDisk,0,0,345000,345000,5.0,70,tikinow,Giao siêu tốc 2H,2023-05-27 00:38:04.650188
143,558353,Ổ Cắm Điện Có Nắp Che 6 Lỗ 3 Chân Mpower MP-265S - 5 Mét,1,Tiki Trading,291443,"Ổ cắm, ổn áp, biến áp",79650,Mpower,28000,9,305000,277000,4.8,170,tikinow,Giao siêu tốc 2H,2023-05-27 00:38:04.650188
144,72652203,Hộp đựng thức ăn cho bé Lock&Lock có vạch chia 230ml x 3 hộp LLG508S3,1,Tiki Trading,72652204,Hộp đựng thực phẩm,48077,LocknLock,169000,48,350000,181000,4.8,807,delivery_info_badge,"Giao thứ 2, ngày 29/05",2023-05-27 00:38:06.269097
145,77675093,Bộ 3 Hộp Kem Đánh Răng P/S Giảm Ê Buốt Sau 30 Giây Sensitive Mineral Expert Fresh Mint Với Tác Động Từ Khoáng 100G,1,Tiki Trading,77675094,Kem đánh răng,21271,P/S,14900,11,141900,127000,4.8,57,delivery_info_badge,"Giao chủ nhật, ngày 28/05",2023-05-27 00:38:06.269097
146,58731234,Bộ 3 Kem đánh răng P/S Trà Xanh 230g,1,Tiki Trading,58731236,Kem đánh răng,21271,P/S,28000,22,129000,101000,4.8,974,tikinow,Giao siêu tốc 2H,2023-05-27 00:38:06.269097
147,117645437,"Ổ cắm điện LiOA đa năng kết hợp - 2D2S, 3D3S, 4D6S dây dài 3m/5m - Ổ cắm điện Lioa Chính Hãng",191429,GIA DỤNG MITA68,249006394,"Ổ cắm, ổn áp, biến áp",144845,LiOA,0,0,86000,86000,4.8,84,delivery_info_badge,"Giao thứ 4, ngày 31/05",2023-05-27 00:38:06.269097
148,198741274,[MỚI] Tã/bỉm quần Bobby 3mm Gạo non,1,Tiki Trading,198741280,Tã quần,26863,Bobby,56300,23,244300,188000,4.5,21,tikinow,Giao siêu tốc 2H,2023-05-27 00:38:06.269097
149,77868208,Webcam HXSJ S4 HD 1080P USB3.0 2.0 Có Thể Điều Chỉnh 360° Kèm Mic Cho Cuộc Gọi Video - Hàng Chính Hãng,4997,HXSJ Official Store,77868209,Webcam Máy Tính,302375,HXSJ,350000,41,849000,499000,4.5,440,delivery_info_badge,"Giao thứ 2, ngày 29/05",2023-05-27 00:38:06.269097
150,195284843,Smart Tivi Coocaa Full HD 43 inch 43S3U,1,Tiki Trading,249004590,Smart Tivi - Android Tivi,357305,coocaa,5210000,58,9000000,3790000,5.0,4,tikipro,Chọn giờ giao lắp,2023-05-27 00:38:06.269097
151,25270554,Găng tay xỏ ngón chống nắng - Đen,141792,Shop Mạnh Tiến,71963091,Găng tay - Bao tay nữ,111461,OEM,0,0,19000,19000,4.5,66,tikinow,Giao siêu tốc 2H,2023-05-27 00:38:06.269097
152,111316128,Combo 3 bàn chải P/S Detox trắng răng,1,Tiki Trading,111316129,Bàn chải đánh răng,21271,P/S,18300,16,117300,99000,5.0,125,delivery_info_badge,"Giao chủ nhật, ngày 28/05",2023-05-27 00:38:06.269097
153,134974081,Thẻ Nhớ Micro SDXC Samsung Evo Plus U3 A2 V30 130MB/s New model - Hàng Nhập Khẩu,25203,Lagihitech2,134974118,Thẻ Nhớ Điện Thoại,18802,Samsung,0,0,500000,500000,5.0,168,tikinow,Giao siêu tốc 2H,2023-05-27 00:38:06.269097
154,185653590,Chăn hè cotton chần bông LIDACO Home nhiều mẫu lựa chọn khổ rộng 2mx2m3,43482,Lidaco Official Store,185653596,"Chăn, mền và phụ kiện",697923,LIDACO,0,0,235000,235000,4.6,77,delivery_info_badge,"Giao thứ 4, ngày 31/05",2023-05-27 00:38:06.269097
155,52730951,Bộ 3 Hộp Kem Đánh Răng P/S Thiên Nhiên Baking Soda - Hương Thảo Trắng Răng Tự Nhiên 230G,1,Tiki Trading,52730953,Kem đánh răng,21271,P/S,25000,19,135000,110000,4.8,342,tikinow,Giao siêu tốc 2H,2023-05-27 00:38:06.269097
156,127747995,Chăn lông cừu Tafurong hàng cao cấp siêu ấm kích thước 2mx2m3,43482,Lidaco Official Store,127748009,"Chăn, mền và phụ kiện",697923,LIDACO,58000,12,500000,442000,4.7,190,delivery_info_badge,"Giao thứ 2, ngày 29/05",2023-05-27 00:38:06.269097
157,212560922,"Quạt Tích Điện, Quạt Đứng Thông Minh XIAOMI Smartmi Gen 3 Pro/ Smartmi Gen 2S/ Smartmi Gen 2 Lite Tốc Độ Gió Quạt Siêu Êm, Kết Nối App Mihome - Hàng Chính Hãng",193366,HOMES STORE,198571415,Quạt Đứng,25422,Xiaomi,3120000,50,6299000,3179000,4.6,25,delivery_info_badge,"Giao thứ 3, ngày 30/05",2023-05-27 00:38:06.269097
158,248361436,(Giá Hủy Diệt) Thẻ nhớ MicroSDXC SanDisk Extreme A2 - V30 U3 4K Class 10 UHS-I 190MB/s - Hàng Nhập Khẩu,25203,Lagihitech2,251401602,Thẻ Nhớ Điện Thoại,18845,SanDisk,23000,1,2300000,2277000,5.0,4,delivery_info_badge,"Giao thứ 3, ngày 30/05",2023-05-27 00:38:06.269097
159,248168432,(Giá Hủy Diệt) Thẻ nhớ MicroSDXC SanDisk Extreme PRO A2 V30 U3 Class 10 UHS-I 200MB/s - Hàng Nhập Khẩu,25203,Lagihitech2,248168436,Thẻ Nhớ Điện Thoại,18845,SanDisk,0,0,450000,450000,5.0,4,tikinow,Giao siêu tốc 2H,2023-05-27 00:38:06.269097
160,2302081,USB 3.1 SanDisk CZ430 Ultra Fit 32GB 130MB/s - Hàng Chính Hãng,10657,LINH KIỆN TUẤN KHANH,7806438,USB,18845,SanDisk,0,0,100000,100000,4.6,50,tikinow,Giao siêu tốc 2H,2023-05-27 00:38:06.269097
161,194140440,Thẻ nhớ SDXC SanDisk Extreme Pro SDSDXXD-128G U3 V30 128GB 200MB/s New 2022 - Hàng Nhập Khẩu,783,Lưu Trữ Sài Gòn,194140441,Thẻ Nhớ SD,18845,SanDisk,0,0,560000,560000,5.0,46,tikinow,Giao siêu tốc 2H,2023-05-27 00:38:06.269097
162,48373983,Ổ CẮM CHUYỂN ĐỔI 3 CHẤU – KÈM CÔNG TẮC TOSHINO – CO-6S,5135,Toshino,48373984,"Ổ cắm, ổn áp, biến áp",186605,TOSHINO,9000,16,55000,46000,4.8,338,delivery_info_badge,"Giao thứ 4, ngày 31/05",2023-05-27 00:38:06.269097
163,77675089,Bộ 3 Hộp Kem Đánh Răng P/S Giảm Ê Buốt Sau 30 Giây Sensitive Mineral Expert Whitening Với Tác Động Từ Khoáng 100G,1,Tiki Trading,77675090,Kem đánh răng,21271,P/S,10900,8,141900,131000,4.8,68,delivery_info_badge,"Giao chủ nhật, ngày 28/05",2023-05-27 00:38:06.269097
164,8821590,USB Lexar S57 JumpDrive 32GB - USB 3.0 - Hàng Chính Hãng,200265,Kmart Store,195950194,USB,220233,Lexar,0,0,75000,75000,4.8,5,delivery_info_badge,"Giao thứ 2, ngày 29/05",2023-05-27 00:38:06.269097
165,197744188,Tai Nghe True Wireless Smart Touch Bluetooth V5.3 Air-S28 điều khiển cảm ứng micro HD chống ồn dành cho smartphones - Hàng Chính Hãng,4997,HXSJ Official Store,197744190,Tai Nghe True Wireless,302375,HXSJ,367000,53,699000,332000,4.7,68,delivery_info_badge,"Giao thứ 2, ngày 29/05",2023-05-27 00:38:06.269097
166,179965482,"Tủ chống ẩm máy ảnh 50 Lít ANDBON AD-50S , 3 ngăn chống xước, cài đặt được % độ ẩm - Hàng chính hãng",1200,FUJIHOME OFFICIAL STORE,179965533,Hộp Đựng - Tủ Chống Ẩm,228755,Andbon,866000,34,2550000,1684000,4.8,14,delivery_info_badge,"Giao thứ 3, ngày 30/05",2023-05-27 00:38:06.269097
167,194139957,Thẻ nhớ SDHC SanDisk Extreme Pro SDSDXXO-032G U3 V30 32GB 100MB/s New 2022 - Hàng Nhập Khẩu,783,Lưu Trữ Sài Gòn,194139959,Thẻ Nhớ SD,18845,SanDisk,0,0,235000,235000,5.0,5,tikinow,Giao siêu tốc 2H,2023-05-27 00:38:06.269097
168,173174394,Bộ 3 Kem đánh răng P/S Muối Hồng & Hoa Cúc Trắng răng tự nhiên 230G,1,Tiki Trading,173174395,Kem đánh răng,21271,P/S,15720,13,120720,105000,5.0,1,delivery_info_badge,"Giao chủ nhật, ngày 28/05",2023-05-27 00:38:06.269097
169,108830964,Bộ 3 Kem đánh răng P/S Than Hoạt Tính 230g,1,Tiki Trading,108830967,Kem đánh răng,21271,P/S,25000,19,135000,110000,4.8,93,tikinow,Giao siêu tốc 2H,2023-05-27 00:38:06.269097
170,229809605,USB 3.1 Lexar S80 JumDrive 32GB / 64GB - Hàng Chính Hãng,200265,Kmart Store,229809609,USB,220233,Lexar,0,0,139000,139000,0.0,0,delivery_info_badge,"Giao thứ 2, ngày 29/05",2023-05-27 00:38:06.269097
171,16621985,Bộ găng tay chống nắng xỏ ngón,9612,AUCOSTA,17014647,Găng tay - Bao tay nữ,111461,OEM,0,0,28000,28000,4.6,34,tikinow,Giao siêu tốc 2H,2023-05-27 00:38:06.269097
172,36300228,"Bộ Móc treo chữ S, có 3 size chọn lựa",17480,Ghế Nam Việt,106513861,"Móc treo, kẹp quần áo",111461,OEM,0,0,25000,25000,5.0,83,tikinow,Giao siêu tốc 2H,2023-05-27 00:38:06.269097
173,187622280,Máy xịt rửa xe chỉnh áp Osaka S3 - 2000W - Tặng béc rửa máy lạnh - Hàng chính hãng,283011,Gia dụng Huy Linh,187622283,Máy xịt rửa,508871, Osaka ,645000,34,1890000,1245000,4.7,14,delivery_info_badge,"Giao thứ 3, ngày 30/05",2023-05-27 00:38:06.269097
174,249204584,"Tai Nghe Bluetooth PIX-LINK Air-S11 Bluetooth 5.3 Không Dây Cảm Ứng Vân Tay, Âm Bass Trầm Ấm Sống Động, Chống Ồn - Hàng chính hãng / Hàng nhập khẩu",278788,Pixlink Office Store,249204590,Tai Nghe Bluetooth Nhét Tai,199239,PIX-LINK,280000,49,569000,289000,4.3,3,delivery_info_badge,"Giao thứ 4, ngày 31/05",2023-05-27 00:38:06.269097
175,558347,Ổ Cắm Điện Có Nắp Che 4 Lỗ 3 Chân Mpower MP-243S - 3 Mét,1,Tiki Trading,291437,"Ổ cắm, ổn áp, biến áp",79650,Mpower,12000,6,199000,187000,5.0,21,tikinow,Giao siêu tốc 2H,2023-05-27 00:38:06.269097
176,89465749,Giày thể thao nam trắng ZAVAS bằng da không bong tróc đế cao 3cm êm chân - S410 Hàng Chính Hãng,11871,ZAVAS Flagship Store,89465753,Giày thể thao nam cổ thấp,4267275,ZAVAS,131000,29,450000,319000,4.7,121,delivery_info_badge,"Giao thứ 2, ngày 29/05",2023-05-27 00:38:06.269097
177,248681938,MÁY HÚT SỮA ĐIỆN ĐÔI FATZBABY - CHORUS 3 - FB1183MX,18854,mecafe,248681939,Máy hút sữa,478795,Fatz Baby,251900,23,1101900,850000,5.0,6,tikinow,Giao siêu tốc 2H,2023-05-27 00:38:06.269097
178,696344,Ổ Cắm Điện 4 Lỗ 3 Chấu 5m Mpower MP-245S (2500W),1,Tiki Trading,696675,"Ổ cắm, ổn áp, biến áp",79650,Mpower,13000,6,229000,216000,4.6,23,tikinow,Giao siêu tốc 2H,2023-05-27 00:38:06.269097
179,26267562,Combo 10 Đôi Tất Nam Chống Thối Xuất Nhật Cổ Dài,108828,Tiện ích 1708,72217316,"Tất, vớ nam",111461,OEM,55000,32,170000,115000,4.7,62,tikinow,Giao siêu tốc 2H,2023-05-27 00:38:06.269097
180,193880760,Quạt không dây Xiaomi Smartmi Gen 3 Pro/ Gen 3/ Gen 2S - Bản quốc tế kết nối app thông minh tích hợp tích điện,91317,MiHanoi,106669099,Quạt Đứng,25422,Xiaomi,500000,18,2790000,2290000,4.8,47,delivery_info_badge,"Giao thứ 4, ngày 31/05",2023-05-27 00:38:06.269097
181,199607222,"Màn Tuyn, Mùng Ngủ Cao 2m Cỡ Đại (DxR) 4mx3m / 4mx2m / 3mx2m - Mùng Màn Ngủ Hà Nội 10/10 Loại To Nhất CÓ CỬA & KHÔNG CỬA, Mùng Màn Tuyn Size Đại Khổng Lồ Ghép 2 Giường, 3 Giường",229930,HAPPY BRITHDAY,199607252,Phụ kiện phòng ngủ khác,111461,OEM,0,0,80000,80000,5.0,3,delivery_info_badge,"Giao thứ 4, ngày 31/05",2023-05-27 00:38:06.269097
182,34527170,"Giấy bạc dán tường nhà bếp chống thấm dầu, thấm nước tiện dụng 3mx60cm",131238,Tổng Kho MB,57044243,Decal & giấy dán tường,111461,OEM,1000,4,28000,27000,4.0,102,delivery_info_badge,"Giao thứ 4, ngày 31/05",2023-05-27 00:38:06.269097
183,48483174,"Dây cáp sạc 3 đầu đa năng Type C, Iphone, Android S04 - Hàng chính hãng",5411,vinet shop,54449742,Dây Cáp Sạc Đa Năng,524255,Lahutech,0,0,33182,33182,4.3,83,delivery_info_badge,"Giao thứ 3, ngày 30/05",2023-05-27 00:38:06.269097
184,72016703,"Bếp Nướng Than Hoa Phiên Bản Cải Tiến Loại Dài 2020 Chống Cháy Thực Phẩm, An Toàn Sức Khỏe, Không Cần Quạt, Bếp Nướng Không Khói, Bếp Nướng Ngoài Trời, Bếp Nướng Than Hoa Vuông - Tặng Kèm 3 Móc  Kim Loại Chữ S Treo Đồ Tiện Lợi",61513,chat24h,72016704,"Bếp nướng, vỉ nướng",4011099,KUNBE,171000,43,400000,229000,4.3,168,delivery_info_badge,"Giao thứ 4, ngày 31/05",2023-05-27 00:38:07.848366
185,99890347,Combo Rubik 3x3 ShengShou Legend S Khối Lập Phương Đồ Chơi Rubic 3 Tầng Hộp Xanh kèm móc khóa TTH,106427,TTH Store,99890348,Trò chơi trí tuệ,111461,OEM,50000,50,100000,50000,4.8,4,tikinow,Giao siêu tốc 2H,2023-05-27 00:38:07.848366
186,52880265,Mạch Sạc Pin Li-ion 18650 3.7v TP4056  TC4056 Có Bảo Vệ Mạch Sạc Pin 1S,177870,bluesky greengrass,89475357,Linh Kiện và Các Phần Cứng Khác,111461,OEM,0,0,5000,5000,0.0,0,delivery_info_badge,"Giao thứ 4, ngày 31/05",2023-05-27 00:38:07.848366
187,81221148,"Cáp chuyển đổi QGeeM USB Type C 3.1 sang Mini DisplayPort 4K 60HZ HDTV dài 1.2m cho Macbook, Sansung S8-Hàng Chính Hãng     ",95215,KID im,81221149,Hub Chuyển Đổi USB Type-C,505907,QGeeM,0,0,329000,329000,4.2,12,tikinow,Giao siêu tốc 2H,2023-05-27 00:38:07.848366
188,216463445,"Quần Jean Nam 5S Premium 3 Màu Basic, Chất Liệu Cotton Cao Cấp, Mềm Mịn, Không Bai Gião, Không Phai, Co Giãn (QBD23005)",25955,5S FASHION,216463461,Quần jeans nam dài,535627,5S,270000,37,729000,459000,5.0,5,delivery_info_badge,"Giao thứ 4, ngày 31/05",2023-05-27 00:38:07.848366
189,241683184,"Mô hình lắp ráp 3D nhiều màu Baby-S, Đồ chơi mô hình 12 con giáp mini dành cho bé – SDC071",162515,Baby-S,241683206,"Lắp ghép, Xếp hình",111461,OEM,0,0,45000,45000,0.0,0,delivery_info_badge,"Giao thứ 3, ngày 30/05",2023-05-27 00:38:07.848366
190,7209235,Giày Bảo Hộ Nam Safety Jogger Bestboy S3 - Đen,20258,BHLĐ Hưng Vượng Hà Nội,10841358,Bảo hộ lao động,191823,Safety Jogger,0,0,440000,440000,4.1,29,delivery_info_badge,"Giao thứ 5, ngày 01/06",2023-05-27 00:38:07.848366
191,59262620,"Lõi lọc không khí xiaomi air purifier 2S, 2H, 3, 3H và pro (Xanh) - Hàng Nhập Khẩu",68127,Mimall,186435930,Máy lọc không khí,25422,Xiaomi,43000,7,587000,544000,5.0,4,delivery_info_badge,"Giao thứ 3, ngày 30/05",2023-05-27 00:38:07.848366
192,198724054,[MỚI] Tã/bỉm quần Bobby 3mm Gạo non,1,Tiki Trading,198724063,Tã quần,26863,Bobby,12000,11,106900,94900,5.0,6,delivery_info_badge,"Giao chủ nhật, ngày 28/05",2023-05-27 00:38:07.848366
193,183488628,"Hộp đựng thức ăn cho bé LocknLock LLG510S3 260ml x 3 hộp - Nắp màu cam, silicone màu cam",1,Tiki Trading,183488629,Hộp đựng thực phẩm,48077,LocknLock,207000,48,430000,223000,5.0,50,delivery_info_badge,"Giao chủ nhật, ngày 28/05",2023-05-27 00:38:07.848366
194,195881651,Thẻ nhớ SDXC SanDisk Extreme U3 V30 128GB 180MB/s SDSDXVA-128G (New 2022) - Hàng Nhập Khẩu,783,Lưu Trữ Sài Gòn,195881652,Thẻ Nhớ SD,18845,SanDisk,0,0,475000,475000,4.6,8,tikinow,Giao siêu tốc 2H,2023-05-27 00:38:07.848366
195,24319638,Dây Cáp Sạc Thay Thế Cho Đồng Hồ Thông Minh Garmin Forerunner 945 / 245 / Fenix ​​5X / Vivoactive 3 / Instinct / Fenix ​​5S / Approach S60,5822,Shop Mrhi,72686375,Adapter Sạc - Cáp Sạc Cho Thiết Bị Đeo,111461,OEM,1000,2,50000,49000,4.7,78,delivery_info_badge,"Giao thứ 3, ngày 30/05",2023-05-27 00:38:07.848366
196,218762886,Ốp lưng nhám chống sốc siêu mỏng 0.3mm cho Samsung Galaxy S23 Ultra hiệu Memumi có gờ bảo vệ camera - Hàng nhập khẩu,178422,ATZstore,218762888,Bao Da - Ốp Lưng Điện Thoại Samsung,163707,Memumi,0,0,120000,120000,5.0,4,delivery_info_badge,"Giao thứ 4, ngày 31/05",2023-05-27 00:38:07.848366
197,98075461,Ốp lưng chống sốc Gear4 D3O Denali 5m cho Samsung Galaxy S21 Plus/Ultra,236,Dâu Đen,98075465,Bao Da - Ốp Lưng Điện Thoại Samsung,535885,GEAR4,901000,75,1200000,299000,4.8,29,delivery_info_badge,"Giao thứ 2, ngày 29/05",2023-05-27 00:38:07.848366
198,194140778,Thẻ nhớ SDXC SanDisk Extreme Pro SDSDXXD-256G U3 V30 256GB 200MB/s New 2022 - Hàng Nhập Khẩu,783,Lưu Trữ Sài Gòn,194140779,Thẻ Nhớ SD,18845,SanDisk,0,0,1220000,1220000,5.0,9,tikinow,Giao siêu tốc 2H,2023-05-27 00:38:07.848366
199,178578274,"Hộp Đựng Vuông Chống Shock, Bảo Vệ Dành Cho Chuột Logitech MX Master 2S/ 3/ 3S Lucas",15482,Lucas Combo,178578275,Hộp Đựng - Túi Đựng Phụ Kiện,155263,Lucas,0,0,199000,199000,4.8,23,delivery_info_badge,"Giao thứ 3, ngày 30/05",2023-05-27 00:38:07.848366
200,188576396,Lõi Lọc Hấp Thụ Độc Tố Cho Máy Lọc Không Khí Levoit Core 300/300S RF-TX | Bộ Lọc HEPA 3 Lớp | Hàng Chính Hãng,264927,Levoit Official Store,188576397,Máy lọc không khí,629081,Levoit,65000,10,640000,575000,0.0,0,delivery_info_badge,"Giao thứ 3, ngày 30/05",2023-05-27 00:38:07.848366
201,20203823,Dây Đeo Thay Thế Cho Đồng Hồ Thông Minh Smart Watch Size 22mm Ticwatch pro / Samsung Gear S3 / Samsung Galaxy Watch 46mm / Xiaomi Amazfit Pace / Amazfit Stratos / Fossil Q MARSHAL gen2,49259,An An Store,20203825,"Dây Đeo Thay Thế, Phụ Trợ - Phụ Kiện Khác",111461,OEM,0,0,91900,91900,4.7,83,delivery_info_badge,"Giao thứ 3, ngày 30/05",2023-05-27 00:38:07.848366
202,21351568,Đế Tản Nhiệt Cooler Master C3 - Hàng nhập khẩu,64160,Công Nghệ July,49256387,Đế Tản Nhiệt Laptop,18991,Cooler Master,0,0,148900,148900,4.5,24,tikinow,Giao siêu tốc 2H,2023-05-27 00:38:07.848366
203,165043641,"Android Tivi Box Tx3 Mini Plus 2022 - Android 11 - CPU S905W2 - Ram 2GB, Rom 16GB",178775,Thiết Bị Công Nghệ Miền Trung,165043643,"Android TV Box, Smart Box",111461,OEM,40000,6,648000,608000,4.7,85,delivery_info_badge,"Giao thứ 5, ngày 01/06",2023-05-27 00:38:07.848366
204,208740071,Ốp lưng cho iPhone 6 6s 7 8 Plus SE2 SE3 Mềm Chống Sốc kiểu Instagram Chống Trượt Bảo Vệ Toàn Diện - Màu xanh navy,239283,Phụ Kiện Đà Thành,208740084,Bao Da - Ốp Lưng Điện Thoại iPhone,111461,OEM,0,0,39000,39000,5.0,8,delivery_info_badge,"Giao thứ 3, ngày 30/05",2023-05-27 00:38:07.848366
205,72217821,"TropicFish Baby Swimdiaper Size S, M, L (3pcs/ Bag)/ Tã Quần Bơi Cho Bé TropicFish Size S, M, L (3 miếng/ Túi)",56070,TropicFish Baby Swimwear,72217833,Tã dán,4232797,TropicFish,0,0,79000,79000,4.6,20,delivery_info_badge,"Giao thứ 3, ngày 30/05",2023-05-27 00:38:07.848366
206,108593536,"Combo 3 Quần Lót Nam Tam Giác 5S, Chất Cotton Premium Mềm Mịn, Thấm Hút Cực Tốt, Vận Động Thoải Mái (X3-SIP21003BRF)",25955,5S FASHION,108593542,Quần lót nam,535627,5S,116000,45,255000,139000,4.5,91,delivery_info_badge,"Giao thứ 4, ngày 31/05",2023-05-27 00:38:07.848366
207,868919,Bao Cao Su Okamoto 0.03 Cool -3'S,59559,shopbaocaosucaocap,22978994,Bao cao su,64152,Okamoto,0,0,134000,134000,4.8,30,tikinow,Giao siêu tốc 2H,2023-05-27 00:38:07.848366
208,171204746,Dây Cao Su Colorful cho Garmin Vivo Venu / Galaxy Watch 4 / Watch 4 Classic / Galaxy Watch 3 / Galaxy Active 2 / Gear S3 / Huawei GT3 (Size 20mm/22mm),159903,DEVO SHOP,171204748,"Dây Đeo Thay Thế, Phụ Trợ - Phụ Kiện Khác",561415,	OEM,0,0,190000,190000,4.6,5,delivery_info_badge,"Giao thứ 3, ngày 30/05",2023-05-27 00:38:07.848366
209,50006554,Thẻ nhớ microSDHC Yoosee Pro Plus 64GB A1 U3 4K R95MB/s W45MB/s (Đỏ) - chuyên camera và điện thoại - Hàng nhập khẩu,12384,DETEK,53968783,Thẻ Nhớ Điện Thoại,111625,Yoosee,0,0,107000,107000,5.0,8,delivery_info_badge,"Giao thứ 3, ngày 30/05",2023-05-27 00:38:07.848366
210,249258451,[Tặng kèm tã] Thùng 3 gói Tã dán sơ sinh Huggies Tràm Trà NB70/S54/S80,33537,Huggies Naturemade Kotex,253080039,Tã dán,26702,Huggies,0,0,903000,903000,0.0,0,delivery_info_badge,"Giao thứ 2, ngày 29/05",2023-05-27 00:38:07.848366
211,89453215,"Thẻ nhớ microSDHC Mixie 32GB / 64GB U3 4K 95MB/s - chuyên camera, máy quay và điện thoại (Hàng chính hãng)",265319,Shop Phân Phối Camera,167934191,Thẻ Nhớ Điện Thoại,422017,MIXIE,0,0,65000,65000,4.8,16,delivery_info_badge,"Giao thứ 2, ngày 29/05",2023-05-27 00:38:07.848366
212,91056288,"Thẻ nhớ SanDisk Ultra SDHC, SDUNR 32GB, C10, UHS-I, 100MB/s_SDSDUNR-032G-GN3IN - Hàng Chính Hãng",45,Tin Học - Viễn Thông,146196950,Thẻ Nhớ SD,18845,SanDisk,66000,32,209000,143000,5.0,32,delivery_info_badge,"Giao thứ 3, ngày 30/05",2023-05-27 00:38:07.848366
213,89298751,Rubik 3x3 QiYi Warrior S Stickerless Rubic 3 Tầng Không Viền,3644,Hoành Gia store,96310727,Trò chơi trí tuệ,111461,OEM,22000,44,50000,28000,4.7,21,delivery_info_badge,"Giao thứ 4, ngày 31/05",2023-05-27 00:38:07.848366
214,566274,USB Lexar S57 32GB - USB 3.0 - Hàng Chính Hãng,200265,Kmart Store,195950196,USB,31979,Lexar (Mỹ),0,0,75000,75000,4.6,5,delivery_info_badge,"Giao thứ 2, ngày 29/05",2023-05-27 00:38:07.848366
215,117076418,"Bộ 3 hộp đựng cơm thức ăn, trữ thực phẩm thủy tinh chịu nhiệt COBA'COOK 2 hộp tròn 400ml + 1 hộp vuông 320ml và 1 túi giữ nhiệt  nhiệt-CCR4S33BL",139249,COBACOOK,117076422,Hộp đựng thực phẩm,4514729,COBA'COOK,140000,44,319000,179000,4.8,30,delivery_info_badge,"Giao thứ 3, ngày 30/05",2023-05-27 00:38:07.848366
216,71665677,"Lõi lọc thay thế cho máy lọc không khí Xiaomi Air Purifier 2, 2s, 3, 3h, Pro - Hàng Nhập Khẩu",16996,The Gioi Dien May Shop,71665678,Máy lọc không khí,25422,Xiaomi,28000,5,608000,580000,5.0,69,delivery_info_badge,"Giao thứ 4, ngày 31/05",2023-05-27 00:38:07.848366
217,6911707,Giày Bảo Hộ Safety Jogger Dolce S3,9021,Bảo Nghi Safety,6911719,Bảo hộ lao động,191823,Safety Jogger,0,0,690000,690000,4.2,25,delivery_info_badge,"Giao thứ 3, ngày 30/05",2023-05-27 00:38:07.848366
218,53452323,"Combo 3 Đôi Tất Nam Cổ Ngắn 5S Kháng Khuẩn, Khử Mùi, Co Giãn, Chống Tụt Gót (3C-5S.SHORTSOCK20-02)",25955,5S FASHION,53452324,"Tất, vớ nam",535627,5S,33000,37,90000,57000,4.6,145,delivery_info_badge,"Giao thứ 4, ngày 31/05",2023-05-27 00:38:07.848366
219,6871163,"Bộ 3 kềm răng,cắt,nhọn cao cấp total THT2K0301S",57682,Siêu Thị Thiết Bị,36661474,Kềm & Dũa các loại,148818,Total,6000,2,295000,289000,4.6,29,delivery_info_badge,"Giao thứ 3, ngày 30/05",2023-05-27 00:38:07.848366
220,195855675,Ốp lưng nhám chống sốc siêu mỏng 0.3mm cho Samsung Galaxy S22 Ultra hiệu Memumi có gờ bảo vệ camera - Hàng nhập khẩu,59346,Phụ Kiện Gốc,221447057,Bao Da - Ốp Lưng Điện Thoại Samsung,163707,Memumi,0,0,119000,119000,4.0,1,delivery_info_badge,"Giao thứ 4, ngày 31/05",2023-05-27 00:38:07.848366
221,359286,Đế Tản Nhiệt Cooler Master C3 - Hàng Chính Hãng,64160,Công Nghệ July,38459104,Đế Tản Nhiệt Laptop,18991,Cooler Master,0,0,147540,147540,4.7,134,tikinow,Giao siêu tốc 2H,2023-05-27 00:38:07.848366
222,50466470,Bộ hộp cơm Lock&Lock có túi LLG422S3,88331,LATH SHOP,50466471,Hộp đựng thực phẩm,48077,LocknLock,165000,30,550000,385000,4.5,2,delivery_info_badge,"Giao thứ 4, ngày 31/05",2023-05-27 00:38:07.848366
223,106503117,Tấm Tank Bạt Che Lều Tăng Lều Che Nắng Bạt Lót Cắm Trại Dày Kích Thước 3mx3m Có Combo Cây Chống Kèm Dây Với Túi Đựng,12424,Ruby Ruby,106503124,"Lều trại, mái che",111461,OEM,0,0,369000,369000,4.6,7,delivery_info_badge,"Giao thứ 4, ngày 31/05",2023-05-27 00:38:07.848366
