product_id,product_name,seller_id,seller_name,seller_product_id,primary_category_name,brand_id,brand_name,discount,discount_rate,original_price,price,rating_average,review_count,shipping_code,shipping_text,page,completion_time
188685608,Chuột không dây Bluetooth Logitech MX Master 3s - Hàng Chính Hãng,192004,Logitech Official Store,209320366,Chuột Văn Phòng Không Dây,18984,Logitech,0,0,3299000,3299000,4.8,53,tikinow,Giao siêu tốc 2h,1,2024-01-04 00:11:58.362382
191655887,Chuột Logitech MX Master 3S không dây Bluetooth/Wireless - Hàng Chính Hãng,333,Trọng Ân audio,195188369,Chuột Văn Phòng Không Dây,18984,Logitech,0,0,2199000,2199000,4.8,4,delivery_info_badge,Giao chiều mai,1,2024-01-04 00:11:58.362382
216335685,Chuột không dây Logitech MX Master 3S for Mac - Hàng Chính Hãng,27572,NGUYENVUSTORE,216335687,Chuột Văn Phòng Không Dây,18984,Logitech,0,0,2290000,2290000,0.0,0,delivery_info_badge,"Giao thứ 7, 06/01",1,2024-01-04 00:11:58.362382
201842438,Chuột Logitech MX Master 3S không dây Bluetooth/Wireless - Hàng Chính Hãng,333,Trọng Ân audio,201842439,Chuột Văn Phòng Không Dây,18984,Logitech,0,0,2089000,2089000,0.0,0,delivery_info_badge,Giao chiều mai,1,2024-01-04 00:11:58.362382
273170215,Chuột không dây Logitech MX Master 3S For Mac - HÀNG CHÍNH HÃNG,4314,Happystores,273170216,Chuột Văn Phòng Không Dây,18984,Logitech,1972000,44,4510000,2538000,0.0,0,delivery_info_badge,Giao chiều mai,1,2024-01-04 00:11:58.362382
189201767,Chuột không dây Bluetooth Logitech MX Master 3S - Hàng chính hãng,915,Nova Computer,190467252,Chuột Văn Phòng Không Dây,18984,Logitech,0,0,2259000,2259000,0.0,0,delivery_info_badge,Giao chiều mai,1,2024-01-04 00:11:58.362382
273169997,Chuột không dây Logitech MX Master 3S For Mac - HÀNG CHÍNH HÃNG ,4314,Happystores,273169998,Chuột Văn Phòng Không Dây,18984,Logitech,1805000,44,4130000,2325000,0.0,0,delivery_info_badge,Giao chiều mai,1,2024-01-04 00:11:58.362382
262463239,Chuột không dây Logitech MX Anywhere 3S Wireless/ Bluetooth - Hàng chính hãng,1,Tiki Trading,270505383,Chuột Văn Phòng Không Dây,18984,Logitech,740000,32,2290000,1550000,4.1,9,tikinow,Giao siêu tốc 2h,1,2024-01-04 00:11:58.362382
73165085,Chuột không dây Bluetooth Logitech MX Anywhere 3 - Màu,765,Tadavietnam,120037215,Chuột Văn Phòng Không Dây,18984,Logitech,0,0,1550000,1550000,4.8,37,delivery_info_badge,"Giao thứ 7, 06/01",1,2024-01-04 00:11:58.362382
702134,"Chuột không dây Bluetooth Logitech MX Anywhere 2s - nhỏ gọn, dùng mọi bề mặt, con lăn HyperFast, sạc nhanh USB-A, phù hợp Mac/ Laptop - Hàng chính hãng",27572,NGUYENVUSTORE,74466504,Chuột Văn Phòng Không Dây,18984,Logitech,90000,8,1180000,1090000,4.8,72,delivery_info_badge,"Giao thứ 7, 06/01",1,2024-01-04 00:11:58.362382
272245144,"Chuột Logitech MX Anywhere 3S Kết nối không dây Bluetooth, Yên lặng Quiet Click, 8000 DPI - Hàng Chính Hãng - Bảo Hành 12 Tháng",52525,An Khang Computer,272245146,Chuột Văn Phòng Không Dây,18984,Logitech,260000,15,1719000,1459000,5.0,1,delivery_info_badge,"Giao thứ 7, 06/01",1,2024-01-04 00:11:58.362382
73166444,Chuột không dây Bluetooth Logitech MX Master 3 - Hàng chính hãng,333,Trọng Ân audio,78917486,Chuột Văn Phòng Không Dây,18984,Logitech,0,0,1890000,1890000,5.0,37,delivery_info_badge,Giao chiều mai,1,2024-01-04 00:11:58.362382
73165600,"Chuột không dây Bluetooth Logitech MX Anywhere 3 for Mac - nhỏ gọn, kết nối 3 thiết bị, cuộn siêu nhanh, sạc nhanh USB-C - Hàng chính hãng",192004,Logitech Official Store,105362082,Chuột Văn Phòng Không Dây,18984,Logitech,0,0,2299000,2299000,5.0,16,tikinow,Giao siêu tốc 2h,1,2024-01-04 00:11:58.362382
702132,"Chuột không dây Bluetooth Logitech MX Master 2s - form to, dùng mọi bề mặt, con lăn Hyperfast, sạc nhanh USB-A, phù hợp Mac/ Laptop - Hàng chính hãng",333,Trọng Ân audio,55922250,Chuột Văn Phòng Không Dây,18984,Logitech,0,0,1590000,1590000,4.3,15,delivery_info_badge,Giao chiều mai,1,2024-01-04 00:11:58.362382
217085368,Chuột không dây Bluetooth Logitech MX Anywhere 2S - Hàng chính hãng,333,Trọng Ân audio,249354275,Chuột Văn Phòng Không Dây,18984,Logitech,0,0,1179000,1179000,0.0,0,delivery_info_badge,Giao chiều mai,1,2024-01-04 00:11:58.362382
121242333,Chuột không dây Logitech MX Anywhere 3 màu hồng-Hàng chính hãng,915,Nova Computer,164336729,Chuột Văn Phòng Không Dây,18984,Logitech,0,0,1599000,1599000,4.5,2,delivery_info_badge,Giao chiều mai,1,2024-01-04 00:11:58.362382
40715293,"Chuột không dây Bluetooth Logitech MX Master 3 - form to, kết nối 3 thiết bị, cuộn siêu nhanh, sạc nhanh USB-C, có bản cho Mac - Hàng chính hãng",27572,NGUYENVUSTORE,80976068,Chuột Văn Phòng Không Dây,18984,Logitech,0,0,2480000,2480000,5.0,28,delivery_info_badge,"Giao thứ 7, 06/01",1,2024-01-04 00:11:58.362382
262590897,Chuột không dây Bluetooth Logitech MX Anywhere 3S - Hàng chính hãng,162514,Long Hưng TechZone,262590901,Chuột Văn Phòng Không Dây,18984,Logitech,520990,24,2139990,1619000,0.0,0,delivery_info_badge,"Giao thứ 7, 06/01",1,2024-01-04 00:11:58.362382
273169375,Chuột không dây logitech MX Anywhere 3S - HÀNG CHÍNH HÃNG,4314,Happystores,273169377,Chuột Văn Phòng Không Dây,18984,Logitech,1305000,44,2980000,1675000,0.0,0,delivery_info_badge,Giao chiều mai,1,2024-01-04 00:11:58.362382
273168654,Chuột Logitech không dây MX Anywhere 3 for Mac - HÀNG CHÍNH HÃNG ,4314,Happystores,273168655,Chuột Văn Phòng Không Dây,18984,Logitech,1455000,44,3330000,1875000,0.0,0,delivery_info_badge,Giao chiều mai,1,2024-01-04 00:11:58.362382
151575793,Chuột Không Dây Bluetooth RAPOO MT750S Tối Đa 4 Thiết Bị 3 Chế Độ Kết Nối - Hàng Chính Hãng,34716,GiaPhucStore,252091703,Chuột Văn Phòng Không Dây,20271,Rapoo,0,0,949000,949000,0.0,0,delivery_info_badge,Giao chiều mai,1,2024-01-04 00:11:58.362382
273122019,"Chuột máy tính không dây Newmen F900S (Dual Mode BT5.0/3.0 & 2.4 Ghz, Silent switch), Silver Grey.NEW V1 - Hàng chính hãng",30787,AN PHAT COMPUTER,273122020,Chuột Văn Phòng Không Dây,20055,Newmen,0,0,470000,470000,0.0,0,delivery_info_badge,"Giao thứ 7, 06/01",1,2024-01-04 00:11:58.362382
176899932,Chuột không dây bluetooth Logitech Signature M650 - Hàng chính hãng,1,Tiki Trading,160666428,Chuột Văn Phòng Không Dây,18984,Logitech,287900,33,878900,591000,5.0,684,tikinow,Giao siêu tốc 2h,1,2024-01-04 00:11:58.362382
299461,Chuột Không Dây Logitech M331 Silent,27572,NGUYENVUSTORE,19759193,Chuột Văn Phòng Không Dây,18984,Logitech,0,0,319000,319000,4.8,2120,delivery_info_badge,"Giao thứ 7, 06/01",1,2024-01-04 00:11:58.362382
389145,"Chuột không dây Logitech B175 - đầu thu USB 2.4Ghz, pin 1 năm, nhỏ gọn, thiết kế thuận cả 2 tay, phù hợp PC/ Laptop - Hàng chính hãng",27572,NGUYENVUSTORE,23564916,Chuột Văn Phòng Không Dây,18984,Logitech,0,0,169000,169000,4.7,1130,tikinow,Giao siêu tốc 2h,1,2024-01-04 00:11:58.362382
174593860,"Chuột Không Dây Bluetooth PIX-LINK P100B Chống Ồn, DPI 1600, Chế Độ Kép Wireless Usb 2.4Ghz, Bluetooth Dùng Cho Macbook, Laptop, PC - Hàng chính Hãng",278788,Pixlink Office Store,174593879,Chuột Văn Phòng Không Dây,199239,PIX-LINK,149500,50,299000,149500,4.6,263,tikinow,Giao siêu tốc 2h,1,2024-01-04 00:11:58.362382
299431,Chuột Không Dây Logitech M221,27572,NGUYENVUSTORE,29633669,Chuột Văn Phòng Không Dây,18984,Logitech,0,0,269000,269000,4.8,1520,delivery_info_badge,"Giao thứ 7, 06/01",1,2024-01-04 00:11:58.362382
174593880,Chuột Không Dây Sạc Pin 2.4GHz PIX-LINK P1 Siêu Mỏng Không Gây Tiếng Ồn Sạc 1 Lần Dùng 1 Tuần Cho Laptop Macbook PC Tivi - Hàng Chính Hãng,278788,Pixlink Office Store,174593889,Chuột Văn Phòng Không Dây,199239,PIX-LINK,88000,55,159000,71000,4.7,63,tikinow,Giao siêu tốc 2h,1,2024-01-04 00:11:58.362382
67907870,Chuột Bluetooth Silent Logitech Pebble M350 - Hàng chính hãng,192004,Logitech Official Store,105362061,Chuột Văn Phòng Không Dây,18984,Logitech,0,0,599000,599000,5.0,436,tikinow,Giao siêu tốc 2h,1,2024-01-04 00:11:58.362382
56889347,Chuột Không Dây HXSJ X50 Plus - Hàng Chính Hãng,4997,HXSJ Official Store,56889351,Chuột Văn Phòng Không Dây,302375,HXSJ,96000,39,245000,149000,4.3,572,tikinow,Giao siêu tốc 2h,1,2024-01-04 00:11:58.362382
4312979,Chuột không dây Logitech M220 Silent - Hàng chính hãng,1,Tiki Trading,4312981,Chuột Văn Phòng Không Dây,18984,Logitech,101500,29,346500,245000,4.8,1603,tikinow,Giao siêu tốc 2h,1,2024-01-04 00:11:58.362382
263354473,Chuột không dây Logitech M240 Silent Bluetooth - Hàng chính hãng,192004,Logitech Official Store,263354477,Chuột Văn Phòng Không Dây,18984,Logitech,0,0,389000,389000,4.3,22,tikinow,Giao siêu tốc 2h,1,2024-01-04 00:11:58.362382
117974701,Chuột Không Dây Tĩnh Âm ROBOT M350 - Kết Nối Bluetooth & USB Nano 2.4 GHz - Độ Phân Giải 1600 DPI - Hàng chính hãng,97516,Wook Store,117974702,Chuột Văn Phòng Không Dây,314675,Robot,160000,46,349000,189000,4.7,23,delivery_info_badge,Giao chiều mai,1,2024-01-04 00:11:58.362382
174593840,"Chuột Không Dây PIX-LINK P100 Wireless 2.4Ghz Sạc Pin, Chống Ồn, DPI1600 Dùng Cho Máy Tính, Laptop, Tivi-Hàng Chính Hãng",278788,Pixlink Office Store,174593859,Chuột Văn Phòng Không Dây,199239,PIX-LINK,115000,50,230000,115000,4.6,166,tikinow,Giao siêu tốc 2h,1,2024-01-04 00:11:58.362382
174593799,"Chuột Bluetooth Không Dây PIX-LINK  P90A Wireless USB Tự Sạc Pin Siêu Mỏng, Chống Ồn - Hàng Chính Hãng",278788,Pixlink Office Store,174593804,Chuột Văn Phòng Không Dây,199239,PIX-LINK,84000,37,229000,145000,4.7,50,tikinow,Giao siêu tốc 2h,1,2024-01-04 00:11:58.362382
148813604,Chuột không dây Logitech M331 SILENT-Hàng chính hãng,60386,VNB STORE,174000892,Chuột Văn Phòng Không Dây,18984,Logitech,0,0,319000,319000,5.0,114,tikinow,Giao siêu tốc 2h,1,2024-01-04 00:11:58.362382
174593834,"Chuột bluetooth PIXLINK P103BL 2 chế độ sạc pin siêu mỏng không gây tiếng ồn chuyên dùng cho Máy tính, pc, Laptop, Tivi Hàng Chính Hãng",278788,Pixlink Office Store,174593836,Chuột Văn Phòng Không Dây,199239,PIX-LINK,149500,50,299000,149500,4.8,48,tikinow,Giao siêu tốc 2h,1,2024-01-04 00:11:58.362382
174490279,"Chuột không dây bluetooth Logitech Signature M650 - Dành cho tay có kích cỡ từ nhỏ tới trung bình, Cuộn SmartWheel, giảm ồn, các nút bên có thể tùy chỉnh - Hàng chính hãng",192004,Logitech Official Store,174490285,Chuột Văn Phòng Không Dây,18984,Logitech,0,0,869000,869000,5.0,404,tikinow,Giao siêu tốc 2h,1,2024-01-04 00:11:58.362382
56930154,Chuột Không Dây Sạc Pin HXSJ M402 - Hàng chính hãng,4997,HXSJ Official Store,56930156,Chuột Văn Phòng Không Dây,302375,HXSJ,110000,42,259000,149000,4.6,380,delivery_info_badge,"Giao thứ 7, 06/01",1,2024-01-04 00:11:58.362382
899654,Chuột Không Dây DareU LM115G MultiColor - Rồng - Hàng Chính Hãng,59640,Extreme Zero Online,104654527,Chuột Văn Phòng Không Dây,150002,DareU,0,0,229000,229000,4.8,36,delivery_info_badge,"Giao thứ 7, 06/01",1,2024-01-04 00:11:58.362382
104268199,Chuột không dây kiểu đứng sạc pin HXSJ T22 wireless USB 2.4GHz chống mỏi tay chuyên dùng cho pc laptop macbook ipad tivi - Hàng chính hãng,4997,HXSJ Official Store,104268203,Chuột Văn Phòng Không Dây,302375,HXSJ,250000,42,599000,349000,4.5,146,tikinow,Giao siêu tốc 2h,2,2024-01-04 00:12:00.134975
54665,Chuột không dây Logitech M185 - Hàng chính hãng - Màu,1,Tiki Trading,54673,Chuột Văn Phòng Không Dây,18984,Logitech,57000,20,289000,232000,4.7,705,tikinow,Giao siêu tốc 2h,2,2024-01-04 00:12:00.134975
144803533,Chuột không dây bluetooth Logitech POP Mouse - Hàng chính hãng,1,Tiki Trading,144803537,Chuột Văn Phòng Không Dây,18984,Logitech,535000,48,1120000,585000,5.0,179,tikinow,Giao siêu tốc 2h,2,2024-01-04 00:12:00.134975
10197363,"Chuột không dây Logitech M330 Silent Plus giảm ồn 90% - USB 2.4GHz, pin 2 năm, phù hợp người thuận tay phải, PC/ Laptop - Màu",333,Trọng Ân audio,248537515,Chuột Văn Phòng Không Dây,18984,Logitech,0,0,309000,309000,5.0,4,delivery_info_badge,Giao chiều mai,2,2024-01-04 00:12:00.134975
135078386,"Chuột không dây HXSJ M103B wireless Bluetooth tự sạc pin siêu mỏng không gây tiếng ồn chuyên dùng cho Máy tính, pc, Laptop, Tivi  - Hàng chính hãng",4997,HXSJ Official Store,135078390,Chuột Văn Phòng Không Dây,302375,HXSJ,100000,40,249000,149000,5.0,50,tikinow,Giao siêu tốc 2h,2,2024-01-04 00:12:00.134975
169548885,Chuột không dây Logitech B175 -Hàng chính hãng,60386,VNB STORE,184897568,Chuột Văn Phòng Không Dây,18984,Logitech,0,0,165000,165000,5.0,16,delivery_info_badge,"Giao thứ 7, 06/01",2,2024-01-04 00:12:00.134975
15366901,Chuột máy tính không dây Foter V181( màu đen) - Hàng Nhập Khẩu,9786,Kiwivision,44131678,Chuột Văn Phòng Không Dây,41528,Forter,0,0,39000,39000,4.5,33,delivery_info_badge,"Giao thứ 7, 06/01",2,2024-01-04 00:12:00.134975
174121424,Chuột Không Dây Logitech M221 Pink  - Hàng Chính Hãng,60386,VNB STORE,174121425,Chuột Văn Phòng Không Dây,18984,Logitech,0,0,259000,259000,5.0,60,delivery_info_badge,"Giao thứ 7, 06/01",2,2024-01-04 00:12:00.134975
75655835,"Chuột không dây A2 Pro, chuột máy tính không tạo tiếng ồn, có thể sạc lại, hiệu ứng đèn Led RGB- Hàng nhập khẩu",76796,Vietstore24h,190802522,Chuột Văn Phòng Không Dây,171991,Zealot ,0,0,68000,68000,4.5,33,tikinow,Giao siêu tốc 2h,2,2024-01-04 00:12:00.134975
25410296,Chuột Không Dây Wireless 2.4G HXSJ T21 - Hàng chính hãng,4997,HXSJ Official Store,57059773,Chuột Văn Phòng Không Dây,302375,HXSJ,110000,44,249000,139000,4.7,33,tikinow,Giao siêu tốc 2h,2,2024-01-04 00:12:00.134975
249945350,Chuột Led Không Dây M303 Đa kết nối Bluetooth 5.0 + Usb 2.4G Pin sạc TypeC chống ồn nhỏ gọn,58789,Tech7,249945356,Chuột Văn Phòng Không Dây,111461,OEM,0,0,255000,255000,5.0,4,delivery_info_badge,Giao chiều mai,2,2024-01-04 00:12:00.134975
271791656,Chuột Bluetooth Logitech Pebble Mouse 2 M350s - Hàng chính hãng,192004,Logitech Official Store,271791658,Chuột Văn Phòng Không Dây,18984,Logitech,0,0,699000,699000,1.0,1,tikinow,Giao siêu tốc 2h,2,2024-01-04 00:12:00.134975
202837396,Chuột vi tính quang không dây Rapoo M21 Silent - Hàng chính hãng,200265,Kmart Store,269791549,Chuột Văn Phòng Không Dây,20271,Rapoo,0,0,115000,115000,0.0,0,delivery_info_badge,Giao chiều mai,2,2024-01-04 00:12:00.134975
116566083,"Chuột không dây HXSJ M100 wireless 2.4Ghz  sạc pin, chồng ồn, DIP1600 chuyên dùng cho máy tính, laptop, tivi - Hàng chính hãng",4997,HXSJ Official Store,116566089,Chuột Văn Phòng Không Dây,302375,HXSJ,80000,40,199000,119000,4.6,105,tikinow,Giao siêu tốc 2h,2,2024-01-04 00:12:00.134975
21316309,Chuột quang không dây Fuhlen A09 - Hàng Chính Hãng,59640,Extreme Zero Online,140135730,Chuột Văn Phòng Không Dây,19107,Fuhlen,0,0,139000,139000,4.8,37,delivery_info_badge,"Giao thứ 7, 06/01",2,2024-01-04 00:12:00.134975
170334689,Chuột Không Dây Sạc Điện HXSJ Siêu Mỏng Chống Ồn - HÀNG CHÍNH HÃNG,4997,HXSJ Official Store,170334693,Chuột Văn Phòng Không Dây,302375,HXSJ,108000,57,189000,81000,4.8,78,tikinow,Giao siêu tốc 2h,2,2024-01-04 00:12:00.134975
56608719,Chuột không dây Bluetooth  HXSJ M90 - Hàng chính hãng,4997,HXSJ Official Store,81572503,Chuột Văn Phòng Không Dây,302375,HXSJ,0,0,199000,199000,4.6,389,delivery_info_badge,"Giao thứ 7, 06/01",2,2024-01-04 00:12:00.134975
48087407,[[ Chuột Bluetooth Phạm Vi 20m - KÈM VIDEO ]] - Chuột Không Dây Đèn Quang Máy Tính Chơi Game Robot | 2.4GHz 1600DPI | Cho Laptop/Máy Tính - M210 - Hàng Chính Hãng,97516,Wook Store,48087411,Chuột Văn Phòng Không Dây,314675,Robot,50000,31,159000,109000,4.6,187,delivery_info_badge,Giao chiều mai,2,2024-01-04 00:12:00.134975
184410513,Chuột công thái học không dây Logitech Lift Vertical Ergonomic - Hàng Chính Hãng,27572,NGUYENVUSTORE,184410515,Chuột Văn Phòng Không Dây,18984,Logitech,0,0,1250000,1250000,5.0,30,delivery_info_badge,"Giao thứ 7, 06/01",2,2024-01-04 00:12:00.134975
263449769,Chuột Không Dây Tĩnh Âm ROBOT M210S Kết Nối USB 2.4Ghz Độ Phân Giải 1600 DPI HÀNG CHÍNH HÃNG,97516,Wook Store,263449773,Chuột Văn Phòng Không Dây,314675,Robot,90000,41,219000,129000,5.0,5,delivery_info_badge,Giao chiều mai,2,2024-01-04 00:12:00.134975
177627268,Chuột Không Dây HXSJ T38 Sạc Điện Wireless 2.4Ghz DPI 1600 - Hàng Chính Hãng,4997,HXSJ Official Store,177627272,Chuột Văn Phòng Không Dây,302375,HXSJ,50000,25,199000,149000,4.5,30,delivery_info_badge,"Giao thứ 7, 06/01",2,2024-01-04 00:12:00.134975
1011863,Đầu Thu USB Unifying Receiver Logitech Unifier - Hàng Chính Hãng,333,Trọng Ân audio,216332946,Chuột Văn Phòng Không Dây,18984,Logitech,0,0,216000,216000,4.5,8,delivery_info_badge,Giao chiều mai,2,2024-01-04 00:12:00.134975
57825125,"Chuột Không Dây Kiểu Đứng HXSJ T24X, Chống Mỏi Tay 2400DPI - Hàng chính hãng",4997,HXSJ Official Store,57825127,Chuột Văn Phòng Không Dây,302375,HXSJ,241000,49,490000,249000,4.5,191,tikinow,Giao siêu tốc 2h,2,2024-01-04 00:12:00.134975
151564798,Chuột Không Dây Silent Wireless Và Bluetooth RAPOO M300 - Hàng chính hãng,280245,RAPOO Official Store,174863347,Chuột Văn Phòng Không Dây,20271,Rapoo,0,0,369000,369000,4.6,47,tikinow,Giao siêu tốc 2h,2,2024-01-04 00:12:00.134975
96482181,"Chuột không dây chuyên GAME XSmart Wolf X8 PRO NÂNG CẤP Wireless 2.4GHz SIÊU NGẦU, Tự động đổi màu sắc - Hàng Chính Hãng",152209,XSmart Official Store,96482185,Chuột Văn Phòng Không Dây,4691869,XSmart,0,0,164000,164000,4.7,59,delivery_info_badge,"Giao thứ 7, 06/01",2,2024-01-04 00:12:00.134975
197966450,Chuột không dây HXSJ A882 Wireless 2.4G - Hàng chính hãng,4997,HXSJ Official Store,197966454,Chuột Văn Phòng Không Dây,302375,HXSJ,90000,48,189000,99000,4.7,49,tikinow,Giao siêu tốc 2h,2,2024-01-04 00:12:00.134975
204077215,Chuột không dây M203 -  Bluetooth + USB Wireless 2.4G - Pin sạc typeC - Chống ồn - chống mỏi cổ tay,58789,Tech7,204077219,Chuột Văn Phòng Không Dây,111461,OEM,0,0,210000,210000,5.0,2,delivery_info_badge,Giao chiều mai,2,2024-01-04 00:12:00.134975
691524,Chuột Không Dây Logitech M170,333,Trọng Ân audio,271382287,Chuột Văn Phòng Không Dây,18984,Logitech,0,0,229000,229000,0.0,0,delivery_info_badge,Giao chiều mai,2,2024-01-04 00:12:00.134975
203734,Chuột Không Dây Logitech M325 - Hàng Chính Hãng,15937,VINSEC,13313496,Chuột Văn Phòng Không Dây,18984,Logitech,0,0,432000,432000,4.5,22,tikinow,Giao siêu tốc 2h,2,2024-01-04 00:12:00.134975
118424390,Chuột không dây DAREU LM115G Black - Pink - Hàng Chính Hãng,59640,Extreme Zero Online,273351712,Chuột Văn Phòng Không Dây,150002,DareU,0,0,123000,123000,5.0,5,delivery_info_badge,"Giao thứ 7, 06/01",2,2024-01-04 00:12:00.134975
167433819,Chuột không dây Logitech Signature M650L màu trắng- Hàng chính hãng,15937,VINSEC,173460699,Chuột Văn Phòng Không Dây,18984,Logitech,0,0,694000,694000,5.0,8,tikinow,Giao siêu tốc 2h,2,2024-01-04 00:12:00.134975
165027973,Chuột Không Dây GX9 - Bluetooth + Wireless 2.4G - Pin sạc - Chống ồn - hàng nhập khẩu,58789,Tech7,251262264,Chuột Văn Phòng Không Dây,111461,OEM,0,0,215000,215000,4.6,11,delivery_info_badge,Giao chiều mai,2,2024-01-04 00:12:00.134975
43336486,"Chuột Không Dây Pin sạc T30  - chống ồn , chống mỏi cổ tay",58789,Tech7,43336492,Chuột Văn Phòng Không Dây,111461,OEM,0,0,240000,240000,4.5,83,delivery_info_badge,Giao chiều mai,2,2024-01-04 00:12:00.134975
233212,Chuột Không Dây Logitech M557 - Màu,333,Trọng Ân audio,719362,Chuột Văn Phòng Không Dây,18984,Logitech,0,0,479000,479000,5.0,11,delivery_info_badge,Giao chiều mai,2,2024-01-04 00:12:00.134975
213715957,Chuột không dây Rapoo M650 Lucky Cat (Wireless/Bluetooth) - Hàng chính hãng,280245,RAPOO Official Store,213715958,Chuột Văn Phòng Không Dây,20271,Rapoo,0,0,349000,349000,0.0,0,delivery_info_badge,"Giao thứ 7, 06/01",2,2024-01-04 00:12:00.134975
263046991,Chuột Không Dây Dell MS3320W - Hàng Chính Hãng,30787,AN PHAT COMPUTER,263046992,Chuột Văn Phòng Không Dây,18805,Dell,0,0,569000,569000,5.0,1,delivery_info_badge,"Giao thứ 7, 06/01",2,2024-01-04 00:12:00.134975
218751200,Chuột công thái học không dây Logitech Lift Vertical Ergonomic - Hàng Chính Hãng,34716,GiaPhucStore,218751204,Chuột Văn Phòng Không Dây,18984,Logitech,0,0,1390000,1390000,5.0,1,delivery_info_badge,Giao chiều mai,2,2024-01-04 00:12:00.134975
176898787,Chuột không dây Bluetooth Logitech Signature M650 L - Hàng Chính Hãng,15937,VINSEC,173609612,Chuột Văn Phòng Không Dây,18984,Logitech,0,0,697000,697000,5.0,13,tikinow,Giao siêu tốc 2h,2,2024-01-04 00:12:00.134975
196187316,Chuột Không Dây Hình  OTO Huqu V3- Độ Phân Giải Quang Học 1200DPI- Hàng Chính Hãng,281739,Công Nghệ Điện Tử 88,196187331,Chuột Văn Phòng Không Dây,5763205,HuQu,0,0,270000,270000,5.0,34,delivery_info_badge,"Giao chủ nhật, 07/01",2,2024-01-04 00:12:00.134975
135612810,Chuột không dây Genius NX-7015 hàng chính hãng,287323,SILICOM STORE,182985487,Chuột Văn Phòng Không Dây,19071,Genius,0,0,230000,230000,0.0,0,delivery_info_badge,Giao chiều mai,2,2024-01-04 00:12:00.134975
144937141,"Chuột Không Dây Bluetooth, Wireless 2.4G Inphic PM6 Có Pin Sạc–Chuột Chống Ồn Bấm Siêu Êm Không Cần Thay Pin",246505,PH shopp,144937145,Chuột Văn Phòng Không Dây,111461,OEM,0,0,265000,265000,5.0,2,delivery_info_badge,Giao chiều mai,3,2024-01-04 00:12:02.260843
36189773,Chuột Bluetooth không dây loại xịn ADGX2 kết nối qua cổng USB không dây và Bluetooth đều được 2 trong 1 - Hàng nhập khẩu,57154,Agiadep Brand,36189774,Chuột Văn Phòng Không Dây,111461,OEM,0,0,168000,168000,3.7,46,delivery_info_badge,"Giao thứ 7, 06/01",3,2024-01-04 00:12:02.260843
2301357,Chuột Không Dây Bosston Q1 (Đen) - Hàng Chính Hãng,53713,linhkien1984,176659175,Chuột Văn Phòng Không Dây,111393,Bosston,0,0,53000,53000,0.0,0,delivery_info_badge,Giao chiều mai,3,2024-01-04 00:12:02.260843
192135187,Chuột không dây kiểu đứng sạc pin T22 wireless USB 2.4GHz chống mỏi tay chuyên dùng cho pc laptop macbook ipad tivi,201101,TIẾN PHÁT STORE,192135189,Chuột Văn Phòng Không Dây,111461,OEM,32300,10,322800,290500,4.5,15,tikinow,Giao siêu tốc 2h,3,2024-01-04 00:12:02.260843
23518127,Chuột Không Dây Microsoft 1850 Receiver USB - Hàng Chính Hãng,200265,Kmart Store,271312060,Chuột Văn Phòng Không Dây,19246,Microsoft,0,0,269000,269000,4.8,30,delivery_info_badge,Giao chiều mai,3,2024-01-04 00:12:02.260843
20225162,Chuột Không Dây Forter V8 Slient Mouse (Không tiếng ồn) Màu Xanh Dương - Hàng Chính Hãng,20367,VI TÍNH NAM TRUNG HẢI,54928909,Chuột Văn Phòng Không Dây,41528,Forter,0,0,180000,180000,4.8,44,tikinow,Giao siêu tốc 2h,3,2024-01-04 00:12:02.260843
273057538,"Chuột Máy Tính Bluetooth Không Dây Siêu Chip PAW3395 Attack Shark X3 Tặng Grip Tape, Cảm Biến Cao Cấp-Hàng Chính Hãng",152209,XSmart Official Store,273057540,Chuột Văn Phòng Không Dây,4691869,XSmart,0,0,819000,819000,5.0,1,delivery_info_badge,"Giao thứ 2, 08/01",3,2024-01-04 00:12:02.260843
168791800,Chuột không dây Logitech Signature M650 - Hàng chính hãng,162514,Long Hưng TechZone,168791802,Chuột Văn Phòng Không Dây,18984,Logitech,0,0,849000,849000,5.0,12,delivery_info_badge,"Giao thứ 7, 06/01",3,2024-01-04 00:12:02.260843
10090769,Chuột máy tính không dây DAREU LM115G Multi-color - Hàng Chính Hãng,59640,Extreme Zero Online,166007635,Chuột Văn Phòng Không Dây,150002,DareU,0,0,229000,229000,5.0,21,delivery_info_badge,"Giao thứ 7, 06/01",3,2024-01-04 00:12:02.260843
123673067,Chuột không dây Logitech Pebble M350 Wireless/Bluetooth - Hàng Chính Hãng,765,Tadavietnam,123673071,Chuột Văn Phòng Không Dây,18984,Logitech,0,0,419000,419000,4.8,12,delivery_info_badge,Giao chiều mai,3,2024-01-04 00:12:02.260843
247806746,Chuột Không Dây Microsoft 1850 Receiver USB - Hàng Chính Hãng,127051,TrustBuy,247806754,Chuột Văn Phòng Không Dây,19246,Microsoft,141000,36,390000,249000,5.0,5,tikinow,Giao siêu tốc 2h,3,2024-01-04 00:12:02.260843
116725239,"Chuột không dây Bluetooth, chuột máy tính HXSJ M107B chống ồn, DPI 1600, chế độ kép wireless usb 2.4Ghz, bluetooth chuyên dùng cho laptop, máy tính, tivi - Hàng chính hãng",4997,HXSJ Official Store,116725249,Chuột Văn Phòng Không Dây,302375,HXSJ,100000,40,249000,149000,4.5,67,tikinow,Giao siêu tốc 2h,3,2024-01-04 00:12:02.260843
233129,Chuột Không Dây Logitech M171 - Màu,27572,NGUYENVUSTORE,55748798,Chuột Văn Phòng Không Dây,18984,Logitech,0,0,235000,235000,4.6,184,delivery_info_badge,"Giao thứ 7, 06/01",3,2024-01-04 00:12:02.260843
174593802,"Chuột Không Dây PIX-LINK P103A Pin Sạc USB 2.4GHz DPI 1600, Không Tiếng Ồn Sử Dụng Cho PC, Laptop, Tivi Hàng Chính Hãng",278788,Pixlink Office Store,174593812,Chuột Văn Phòng Không Dây,199239,PIX-LINK,144500,50,289000,144500,5.0,16,tikinow,Giao siêu tốc 2h,3,2024-01-04 00:12:02.260843
56589861,"Chuột Bluetooth, Chuột Không Dây HXSJ T23, Chuột Không Dây Bluetooth T23 - Hàng chính hãng",4997,HXSJ Official Store,56589865,Chuột Văn Phòng Không Dây,302375,HXSJ,0,0,333000,333000,4.6,72,delivery_info_badge,"Giao thứ 7, 06/01",3,2024-01-04 00:12:02.260843
157160524,Chuột Không Dây Wireless ZADEZ M331 - Hàng Chính Hãng,127051,TrustBuy,157160528,Chuột Văn Phòng Không Dây,5175045,ZADEZ,71000,37,190000,119000,5.0,4,tikinow,Giao siêu tốc 2h,3,2024-01-04 00:12:02.260843
45842739,Chuột không dây sạc điện cao cấp,32204,Android tv box Bright star,217726814,Chuột Văn Phòng Không Dây,633653,JiTuo,0,0,59000,59000,3.0,1,delivery_info_badge,"Giao thứ 2, 08/01",3,2024-01-04 00:12:02.260843
185940276,Chuột công thái học không dây Logitech Lift Vertical Ergonomic Đen-Hàng Chính Hãng ,60386,VNB STORE,185940277,Chuột Văn Phòng Không Dây,18984,Logitech,0,0,1290000,1290000,5.0,3,delivery_info_badge,"Giao thứ 7, 06/01",3,2024-01-04 00:12:02.260843
74409316,"Chuột không dây Bluetooth, chuột không dây usb 2.4Hz HXSJ T18 - Hàng chính hãng",4997,HXSJ Official Store,74409318,Chuột Văn Phòng Không Dây,302375,HXSJ,0,0,349000,349000,4.7,159,delivery_info_badge,"Giao thứ 7, 06/01",3,2024-01-04 00:12:02.260843
263385542,Chuột Không Dây trong suốt T900 Bluetooth 5.0 / 3.0 / USB 2.4G - chống ồn - Pin sạc TypeC - kết nối đa thiết bị,58789,Tech7,263385546,Chuột Văn Phòng Không Dây,111461,OEM,0,0,300000,300000,5.0,3,delivery_info_badge,Giao chiều mai,3,2024-01-04 00:12:02.260843
144973012,Chuột không dây Bluetooth 5.0 Dareu LM115B + Wireless 2.4GHz ( Silent Switch ) - Hàng chính hãng,65781,Máy Tính Bảo Minh,202659163,Chuột Văn Phòng Không Dây,150002,DareU,0,0,245000,245000,4.8,27,delivery_info_badge,"Giao thứ 7, 06/01",3,2024-01-04 00:12:02.260843
173425401,Chuột không dây Logitech M650 Hàng Chính Hãng,34716,GiaPhucStore,173425403,Chuột Văn Phòng Không Dây,18984,Logitech,0,0,635000,635000,5.0,2,delivery_info_badge,Giao chiều mai,3,2024-01-04 00:12:02.260843
249950110,Chuột Led Không Dây M303 Đa kết nối Bluetooth chống ồn,110920,Timy,249950114,Chuột Văn Phòng Không Dây,111461,OEM,0,0,255000,255000,0.0,0,delivery_info_badge,Giao chiều mai,3,2024-01-04 00:12:02.260843
139307448,CHUỘT KHÔNG DÂY Dareu LM115G Wireless Black- Mouse_ HÀNG CHÍNH HÃNG,65781,Máy Tính Bảo Minh,157977991,Chuột Văn Phòng Không Dây,150002,DareU,0,0,125000,125000,4.8,6,delivery_info_badge,"Giao thứ 7, 06/01",3,2024-01-04 00:12:02.260843
72010730,CHUỘT MÁY TÍNH KHÔNG DÂY CHỐNG ỒN BT21 BABY BEENS MOUSE,140682,Beens International,72010738,Chuột Văn Phòng Không Dây,32745,Royche,0,0,330000,330000,5.0,53,delivery_info_badge,Giao chiều mai,3,2024-01-04 00:12:02.260843
192161550,"Chuột không dây bluetooth pin sạc INPHIC PM6 có đèn báo pin, SILENT chống ồn bấm cực êm - Chuột Bluetooth cho máy tính - Hàng chính hãng",246505,PH shopp,192161552,Chuột Văn Phòng Không Dây,703139,Inphic,0,0,250000,250000,5.0,5,delivery_info_badge,Giao chiều mai,3,2024-01-04 00:12:02.260843
75032335,CHUỘT KHÔNG DÂY CHỐNG ỒN NHÂN VẬT HOẠT HÌNH PEANUTS SNOOPY (CÓ THỂ KẾT NỐI BLUETOOTH) HÀNG CHÍNH HÃNG,140682,Beens International,75032343,Chuột Văn Phòng Không Dây,32745,Royche,0,0,429000,429000,4.8,15,delivery_info_badge,Giao chiều mai,3,2024-01-04 00:12:02.260843
86297289,"Chuột không dây tự sạc  (Wireless/Bluetooth Mouse Re-chargeable) chuyên dùng cho Máy tính, Laptop, Phone, Tivi",174379,Hùng Dũng 68,86297311,Chuột Văn Phòng Không Dây,111461,OEM,0,0,119000,119000,4.6,43,delivery_info_badge,"Giao chủ nhật, 07/01",3,2024-01-04 00:12:02.260843
170499194,Chuột không dây Logitech Signature M650L màu đen- Hàng chính hãng,60386,VNB STORE,206862595,Chuột Văn Phòng Không Dây,18984,Logitech,0,0,589000,589000,5.0,2,delivery_info_badge,"Giao thứ 7, 06/01",3,2024-01-04 00:12:02.260843
72723335,Chuột không dây Logitech M190 - Hàng Chính Hãng,765,Tadavietnam,108358348,Chuột Văn Phòng Không Dây,18984,Logitech,0,0,279000,279000,5.0,18,delivery_info_badge,"Giao thứ 7, 06/01",3,2024-01-04 00:12:02.260843
691576,Chuột Không Dây Logitech M720 Triathlon - Hàng Chính Hãng,333,Trọng Ân audio,975492,Chuột Văn Phòng Không Dây,18984,Logitech,0,0,919000,919000,4.5,31,delivery_info_badge,Giao chiều mai,3,2024-01-04 00:12:02.260843
691568,"Chuột không dây Logitech B170 - đầu thu USB 2.4Ghz, pin 1 năm, nhỏ gọn, thiết kế thuận cả 2 tay, phù hợp PC/ Laptop - Hàng chính hãng",356,TAVASA,14643838,Chuột Văn Phòng Không Dây,18984,Logitech,0,0,189000,189000,4.5,17,delivery_info_badge,Giao chiều mai,3,2024-01-04 00:12:02.260843
245772068,Chuột máy tính không dây (Wireless mouse) HP Z3700 nhiều màu sắc - Hàng Chính Hãng,12854,ThuanThienTs,245772072,Chuột Văn Phòng Không Dây,17825,HP,0,0,299000,299000,5.0,1,delivery_info_badge,Giao chiều mai,3,2024-01-04 00:12:02.260843
58340599,Chuột không dây bluetooth Microsoft Modern Mobile - Hàng Chính Hãng,200265,Kmart Store,139496991,Chuột Văn Phòng Không Dây,19246,Microsoft,0,0,590000,590000,4.8,9,delivery_info_badge,Giao chiều mai,3,2024-01-04 00:12:02.260843
262980513,Chuột không dây HyperWork Silentium MS01 - Hàng Chính Hãng,60386,VNB STORE,262980516,Chuột Văn Phòng Không Dây,5073869,HyperWork,0,0,490000,490000,5.0,1,delivery_info_badge,"Giao thứ 7, 06/01",3,2024-01-04 00:12:02.260843
160305888,Chuột không dây Logitech M331 - Hàng chính hãng,162514,Long Hưng TechZone,160305890,Chuột Văn Phòng Không Dây,18984,Logitech,120000,26,469000,349000,4.8,23,delivery_info_badge,"Giao thứ 7, 06/01",3,2024-01-04 00:12:02.260843
31123691,Chuột Không Dây Ghost Wolf G829 - Pin sạc cổng micro USB Hàng nhập khẩu,201101,TIẾN PHÁT STORE,132840228,Chuột Văn Phòng Không Dây,523563,Ghost Wolf,0,0,205900,205900,5.0,9,tikinow,Giao siêu tốc 2h,3,2024-01-04 00:12:02.260843
260813303,Chuột không dây Bluetooth Logitech M240 Silent - Hàng chính hãng,34716,GiaPhucStore,263596480,Chuột Văn Phòng Không Dây,18984,Logitech,0,0,345000,345000,0.0,0,delivery_info_badge,Giao chiều mai,3,2024-01-04 00:12:02.260843
196603129,Chuột Bluetooth FD V8 - JL -HÀNG CHÍNH HÃNG,64160,Công Nghệ July,196603130,Chuột Văn Phòng Không Dây,410617,FD,0,0,175000,175000,0.0,0,delivery_info_badge,Giao chiều mai,3,2024-01-04 00:12:02.260843
56606433,Chuột Không Dây Sạc Điện HXSJ M80 - Hàng chính hãng,4997,HXSJ Official Store,56606435,Chuột Văn Phòng Không Dây,302375,HXSJ,0,0,126000,126000,4.5,102,tikinow,Giao siêu tốc 2h,3,2024-01-04 00:12:02.260843
19359126,Chuột Không Dây Dell WM126 - Hàng Chính Hãng,915,Nova Computer,188837772,Chuột Văn Phòng Không Dây,18805,Dell,9900,4,268900,259000,4.6,11,delivery_info_badge,Giao chiều mai,4,2024-01-04 00:12:04.444565
191354473,Chuột Không Dây Mô Hình Ôtô Huqu V2-Kết Nối USB  2.4GHz -Hàng Chính Hãng,281739,Công Nghệ Điện Tử 88,191354485,Chuột Văn Phòng Không Dây,5763205,HuQu,0,0,230000,230000,5.0,37,delivery_info_badge,"Giao chủ nhật, 07/01",4,2024-01-04 00:12:04.444565
130730910,"Chuột Không Dây A2 Pro, Chuột Máy Tính Không Tạo Tiếng Ồn, Sạc Được Pin, Hiệu Ứng Đèn Led RGB",53713,linhkien1984,189979814,Chuột Văn Phòng Không Dây,111461,OEM,0,0,59000,59000,4.0,3,delivery_info_badge,Giao chiều mai,4,2024-01-04 00:12:04.444565
177999059,Chuột không dây Logitech Pebble M350 - Hàng chính hãng,162514,Long Hưng TechZone,177999061,Chuột Văn Phòng Không Dây,18984,Logitech,171000,24,700000,529000,0.0,0,delivery_info_badge,"Giao thứ 7, 06/01",4,2024-01-04 00:12:04.444565
253264605,"Chuột không dây Logitech B175 - đầu thu USB 2.4Ghz, pin 1 năm, nhỏ gọn, thiết kế thuận cả 2 tay, phù hợp PC/Laptop - Hàng chính hãng",52525,An Khang Computer,253264606,Chuột Văn Phòng Không Dây,18984,Logitech,31000,16,190000,159000,5.0,1,delivery_info_badge,"Giao thứ 7, 06/01",4,2024-01-04 00:12:04.444565
203897752,Chuột Bluetooth A2 Trắng,309961,GAGROUP,203897753,Chuột Văn Phòng Không Dây,111461,OEM,0,0,75000,75000,0.0,0,delivery_info_badge,Giao chiều mai,4,2024-01-04 00:12:04.444565
199706098,"Chuột không dây PROLiNK PMW6009 độ nhạy cao, tiết kiệm pin dành cho PC, Macbook, Laptop - Hàng chính hãng",145378,Prolink Official Store,199706101,Chuột Văn Phòng Không Dây,33036,Prolink,20000,10,199000,179000,4.7,66,delivery_info_badge,Giao chiều mai,4,2024-01-04 00:12:04.444565
54972170,Chuột Không Dây A2 Chống Ồn Pin Sạc Được Không Cần Thay PIN - Màu Ngẫu Nhiên,76796,Vietstore24h,190229412,Chuột Văn Phòng Không Dây,111461,OEM,0,0,69000,69000,5.0,6,delivery_info_badge,Giao chiều mai,4,2024-01-04 00:12:04.444565
140523443,"Chuột Bluetooth Dareu LM115B Pink (Màu Hồng) - Kết Nối Điện Thoại, iPad, Macbook - Hàng Chính Hãng",27572,NGUYENVUSTORE,142234176,Chuột Văn Phòng Không Dây,150002,DareU,0,0,265000,265000,4.8,43,delivery_info_badge,"Giao thứ 7, 06/01",4,2024-01-04 00:12:04.444565
183526240,Chuột không dây Fuhlen A09B Hồng (pink) - Hàng chính hãng,65781,Máy Tính Bảo Minh,188579572,Chuột Văn Phòng Không Dây,19107,Fuhlen,0,0,138000,138000,0.0,0,delivery_info_badge,"Giao thứ 7, 06/01",4,2024-01-04 00:12:04.444565
56669854,Chuột Bluetooth HXSJ T36 Ba Chế Độ Bluetooth 3.0 + 5.0 + 2.4G Chuột Không Dây Thiết Kế Không Gây Ồn 1600 DPI Quang Có Thể Sạc Lại Chuột Cho PC Máy Tính Xách Tay - Hàng chính hãng,4997,HXSJ Official Store,56669855,Chuột Văn Phòng Không Dây,302375,HXSJ,0,0,349000,349000,4.5,62,delivery_info_badge,"Giao thứ 7, 06/01",4,2024-01-04 00:12:04.444565
26165963,Chuột Không Dây Dareu LM115G Có LED Tem Mai Hoàng - Hàng Nhập Khẩu,59640,Extreme Zero Online,271120342,Chuột Văn Phòng Không Dây,150002,DareU,0,0,139000,139000,0.0,0,delivery_info_badge,"Giao thứ 7, 06/01",4,2024-01-04 00:12:04.444565
56033,Chuột Không Dây Logitech M187,333,Trọng Ân audio,255223213,Chuột Văn Phòng Không Dây,18984,Logitech,0,0,277000,277000,5.0,2,delivery_info_badge,Giao chiều mai,4,2024-01-04 00:12:04.444565
92926828,Chuột Không Dây Màu Hồng / Đen/ Xám/ Xanh ngọc Forter V182 V6,65781,Máy Tính Bảo Minh,103278702,Chuột Văn Phòng Không Dây,111461,OEM,0,0,85000,85000,5.0,7,delivery_info_badge,"Giao thứ 7, 06/01",4,2024-01-04 00:12:04.444565
23362701,Chuột Không Dây Forter V181 - Hàng nhập khẩu,9786,Kiwivision,39993144,Chuột Văn Phòng Không Dây,41528,Forter,0,0,39000,39000,4.3,48,delivery_info_badge,"Giao thứ 7, 06/01",4,2024-01-04 00:12:04.444565
194462575,Chuột led gaming không dây X11 -  Bluetooth + Usb Wireless 2.4G - Pin sạc cổng typeC - Chống ồn - chống mỏi cổ tay - Hàng nhập khẩu,58789,Tech7,194462576,Chuột Văn Phòng Không Dây,7488505,X11,0,0,255000,255000,5.0,2,delivery_info_badge,Giao chiều mai,4,2024-01-04 00:12:04.445088
186147077,Chuột Không Dây Logitech M325s - Hàng Chính Hãng,200265,Kmart Store,186147079,Chuột Văn Phòng Không Dây,18984,Logitech,0,0,375000,375000,0.0,0,delivery_info_badge,Giao chiều mai,4,2024-01-04 00:12:04.445088
7626419,Chuột không dây Fuhlen M70 - Hãng phân phối chính thức,4106,CÔNG NGHỆ TẦM NHÌN,116409238,Chuột Văn Phòng Không Dây,19107,Fuhlen,0,0,125000,125000,4.0,1,delivery_info_badge,"Giao chủ nhật, 07/01",4,2024-01-04 00:12:04.445088
28794512,Chuột không dây sạc điện tặng lót chuột,20367,VI TÍNH NAM TRUNG HẢI,194562596,Chuột Văn Phòng Không Dây,111461,OEM,0,0,65055,65055,4.0,2,delivery_info_badge,Giao chiều mai,4,2024-01-04 00:12:04.445088
215223928,Chuột không dây Rapoo M21 Silent màu đen- Hàng chính hãng,27572,NGUYENVUSTORE,262970927,Chuột Văn Phòng Không Dây,20271,Rapoo,0,0,139000,139000,5.0,1,tikinow,Giao siêu tốc 2h,4,2024-01-04 00:12:04.445088
24989529,Chuột quang không dây Fuhlen A09 - Hàng Nhập Khẩu,65781,Máy Tính Bảo Minh,25960689,Chuột Văn Phòng Không Dây,19107,Fuhlen,0,0,144000,144000,0.0,0,delivery_info_badge,"Giao thứ 7, 06/01",4,2024-01-04 00:12:04.445088
178031117,Chuột Không Dây Bluetooth 5.0 Chống ồn T67 siêu nhẹ - hàng nhập khẩu,58789,Tech7,178031118,Chuột Văn Phòng Không Dây,302375,HXSJ,0,0,175000,175000,3.0,2,delivery_info_badge,Giao chiều mai,4,2024-01-04 00:12:04.445088
101280008,Chuột Văn Phòng Không Dây Cao Cấp IMICE G-1600 Silent Giảm Ồn 90% Bộ Thu Nano Tự Động Kết Nối  Hoạt Động Chính Xác Mượt Mà Khoảng Cách 10m Tiết Kiệm Pin Thông Minh Thay Đổi Nhanh  Độ Phân Giải 800/1200/1600DPI - Hàng Chính Hãng,201101,TIẾN PHÁT STORE,132840662,Chuột Văn Phòng Không Dây,192495,Imice,15700,10,157000,141300,5.0,3,tikinow,Giao siêu tốc 2h,4,2024-01-04 00:12:04.445088
250015553,"Chuột Không Dây FORDER i330H Không Ồn, Họa Tiết Độc Đáo - Hàng Chính Hãng",12591,Nguyễn Ninh Media,250015555,Chuột Văn Phòng Không Dây,279189,Forder,0,0,199000,199000,1.0,1,delivery_info_badge,"Giao thứ 7, 06/01",4,2024-01-04 00:12:04.445615
116192774,"Chuột không dây bluetooth PIXLINK M100B chống ồn, DPI 1600  sạc pin - Hàng chính hãng",197029,PixLink Technology,116192784,Chuột Văn Phòng Không Dây,199239,PIX-LINK,0,0,289000,289000,4.3,32,delivery_info_badge,"Giao chủ nhật, 07/01",4,2024-01-04 00:12:04.445615
187827496,Chuột không dây Asus - Hàng Chính hãng,12854,ThuanThienTs,187827497,Chuột Văn Phòng Không Dây,17826,Asus,0,0,1000000,1000000,0.0,0,delivery_info_badge,Giao chiều mai,4,2024-01-04 00:12:04.445615
4486983,Chuột Không Dây Rapoo M10 Plus 1000 DPI Receiver USB,280245,RAPOO Official Store,174859805,Chuột Văn Phòng Không Dây,20271,Rapoo,0,0,135000,135000,0.0,0,tikinow,Giao siêu tốc 2h,4,2024-01-04 00:12:04.445615
262652958,Chuột không dây 2.4Ghz & Bluetooth A4TECH FB35C (Pin sạc tiện lợi) - Hàng Chính Hãng,45223,Bảo Hân Treasures,262652960,Chuột Văn Phòng Không Dây,48051,A4Tech,15000,5,330000,315000,0.0,0,delivery_info_badge,Giao chiều mai,4,2024-01-04 00:12:04.445615
143963189,Chuột không dây pin sạc Genius ECO 8100 - Hàng chính hãng,218999,SingPC Official Store,143963191,Chuột Văn Phòng Không Dây,19071,Genius,0,0,330000,330000,5.0,4,delivery_info_badge,Giao chiều mai,4,2024-01-04 00:12:04.445615
133138709,Chuột không dây Dareu LM115G - Hàng chính hãng,59640,Extreme Zero Online,271120424,Chuột Văn Phòng Không Dây,150002,DareU,0,0,139000,139000,0.0,0,delivery_info_badge,"Giao thứ 7, 06/01",4,2024-01-04 00:12:04.445615
87054957,Chuột không dây Bluetooth Và 2.4G Pin Sạc,76796,Vietstore24h,210400809,Chuột Văn Phòng Không Dây,111461,OEM,0,0,80500,80500,4.3,4,delivery_info_badge,Giao chiều mai,4,2024-01-04 00:12:04.445615
198204537,Chuột không dây Rapoo M650 phiên bản World Cup - Kết nối đa thiết bị - Hàng chính hãng,280245,RAPOO Official Store,198204541,Chuột Văn Phòng Không Dây,20271,Rapoo,0,0,290000,290000,5.0,3,delivery_info_badge,"Giao thứ 7, 06/01",4,2024-01-04 00:12:04.445615
188715977,Chuột không dây INPHIC DR01 sử dụng pin sạc thiết kế hiện đại với độ DPI lên đến 1600 có đèn led báo hiệu dung lượng pin - Hàng Nhập Khẩu - NTH,20367,VI TÍNH NAM TRUNG HẢI,188715978,Chuột Văn Phòng Không Dây,703139,Inphic,0,0,190000,190000,5.0,1,delivery_info_badge,Giao chiều mai,4,2024-01-04 00:12:04.445615
72308542,"Chuột không dây PROLiNK PMB8502 cao cấp, tiết kiệm pin , chơi game, văn phòng dùng cho PC, Macbook, Laptop",145378,Prolink Official Store,199728678,Chuột Văn Phòng Không Dây,33036,Prolink,110000,28,399000,289000,4.5,100,delivery_info_badge,Giao chiều mai,4,2024-01-04 00:12:04.445615
205031999,"Chuột không dây Logitech M185 - đầu thu USB 2.4Ghz, pin 1 năm, 1000 DPI, thiết kế thuận cả 2 tay, phù hợp PC/ Laptop - Hàng chính hãng",1377,Vi Tính Bảo An,205032005,Chuột Văn Phòng Không Dây,18984,Logitech,0,0,220000,220000,0.0,0,delivery_info_badge,Giao chiều mai,4,2024-01-04 00:12:04.445615
181673601,Chuột không dây Rapoo M22 Silent - Hàng Chính Hãng,12395,Vi Tính Lê Huy,181673602,Chuột Văn Phòng Không Dây,20271,Rapoo,0,0,130000,130000,0.0,0,delivery_info_badge,Giao chiều mai,4,2024-01-04 00:12:04.445615
176842780,Chuột Bluetooth Rapoo M200 Silent - Hàng Chính Hãng,200265,Kmart Store,176842786,Chuột Văn Phòng Không Dây,20271,Rapoo,0,0,225000,225000,0.0,0,delivery_info_badge,Giao chiều mai,4,2024-01-04 00:12:04.445615
194477152,"Chuột Không Dây Pin Sạc , Wireless và Bluetooth- VT",76796,Vietstore24h,194477158,Chuột Văn Phòng Không Dây,111461,OEM,0,0,67000,67000,0.0,0,delivery_info_badge,Giao chiều mai,4,2024-01-04 00:12:04.445615
101284469,"Chuột Văn Phòng Không Dây Cao Cấp  IMICE G-6 Silent 2.4G Wireless, 6 nút điều khiển, Kết Nối Nhanh,  Bộ Thu Nano Tự Động Kết Nối Khoảng Cách Làm Việc 10m Tiết Kiệm Pin Thông Minh Độ Phân Giải 800/1200/1600DPI - Hàng Chính Hãng",201101,TIẾN PHÁT STORE,132840244,Chuột Văn Phòng Không Dây,192495,Imice,0,0,196300,196300,4.5,10,tikinow,Giao siêu tốc 2h,4,2024-01-04 00:12:04.445615
2883885,Chuột Không Dây Bosston Q1 1000DPI - Hàng Chính Hãng,20367,VI TÍNH NAM TRUNG HẢI,52759907,Chuột Văn Phòng Không Dây,111393,Bosston,0,0,45010,45010,4.7,3,delivery_info_badge,Giao chiều mai,4,2024-01-04 00:12:04.445615
104496077,"Chuột không dây PROLiNK PMW5010 kết nối tốc độ cao, tiết kiệm pin dùng cho PC, Macbook, Laptop - Hàng chính hãng",145378,Prolink Official Store,104496083,Chuột Văn Phòng Không Dây,33036,Prolink,41000,22,190000,149000,4.6,105,delivery_info_badge,Giao chiều mai,5,2024-01-04 00:12:06.274856
21148086,Chuột Không Dây Fuhlen A09B - Tặng Lót Di Chuột - Hàng Chính Hãng,65781,Máy Tính Bảo Minh,44010149,Chuột Văn Phòng Không Dây,19107,Fuhlen,0,0,137000,137000,4.0,2,delivery_info_badge,"Giao thứ 7, 06/01",5,2024-01-04 00:12:06.274856
207733694,Chuột không dây A4Tech FStyler FG30S Silent Wireless 2.4GHz - Hàng chính hãng,8948,A4Tech Official Store,207733706,Chuột Văn Phòng Không Dây,48051,A4Tech,0,0,250000,250000,5.0,2,delivery_info_badge,Giao chiều mai,5,2024-01-04 00:12:06.274856
145977610,Chuột không dây Eblue EMS816 (USB-Wireless) - hàng chính hãng,167560,Việt Hưng VHC,145977611,Chuột Văn Phòng Không Dây,80019,Eblue,0,0,74000,74000,5.0,1,delivery_info_badge,"Giao chủ nhật, 07/01",5,2024-01-04 00:12:06.274856
262969550,Chuột văn phòng không dây Rapoo M20 - Hàng Chính Hãng,27572,NGUYENVUSTORE,262957893,Chuột Văn Phòng Không Dây,20271,Rapoo,0,0,139000,139000,5.0,1,tikinow,Giao siêu tốc 2h,5,2024-01-04 00:12:06.274856
249477757,Chuột bluetooth PROLINK PMB8502 BLK - Hàng Chính Hãng,6975,HACHI STORE,249477758,Chuột Văn Phòng Không Dây,33036,Prolink,45000,14,320000,275000,0.0,0,delivery_info_badge,Giao ngày mai,5,2024-01-04 00:12:06.274856
53082795,Chuột Bluetooth (Kết nối USB không dây và Bluetooth) - AGDX2,53713,linhkien1984,189831656,Chuột Văn Phòng Không Dây,111461,OEM,0,0,74800,74800,4.6,14,delivery_info_badge,Giao chiều mai,5,2024-01-04 00:12:06.274856
207670889,UGREEN Chuột Không Dây 6 nút im lặng 5 Cấp Độ 4000DPI 2.4G Kết Nối USB Mini hàng chính hãng,21159,THC computer,207670892,Chuột Văn Phòng Không Dây,243693,UGREEN,0,0,220000,220000,5.0,3,delivery_info_badge,"Giao thứ 7, 06/01",5,2024-01-04 00:12:06.274856
12419745,Chuột không dây Bosston Q1– Hàng Chính Hãng,64160,Công Nghệ July,38496060,Chuột Văn Phòng Không Dây,111393,Bosston,0,0,48990,48990,4.2,16,delivery_info_badge,Giao chiều mai,5,2024-01-04 00:12:06.274856
3278257,Chuột Không Dây Elecom M-IR07DR - Hàng chính hãng,4314,Happystores,6480185,Chuột Văn Phòng Không Dây,19072,Elecom,37000,15,249000,212000,4.3,18,tikinow,Giao siêu tốc 2h,5,2024-01-04 00:12:06.274856
52419002, Chuột không dây sạc điện Tặng móc đeo khóa cao cấp,48313,Tâm Thành,53272439,Chuột Văn Phòng Không Dây,111461,OEM,0,0,99000,99000,4.8,12,delivery_info_badge,"Giao thứ 2, 08/01",5,2024-01-04 00:12:06.274856
3277485,Chuột Không Dây ELECOM M-IR07DRS 1200DPI,4314,Happystores,3277497,Chuột Văn Phòng Không Dây,19072,Elecom,45000,15,299000,254000,4.8,4,delivery_info_badge,Giao chiều mai,5,2024-01-04 00:12:06.274856
22142018,Chuột Bay KM800V (Voice Mic) - Hàng nhập khẩu,2483,AGOL SHOP,26303257,Chuột Văn Phòng Không Dây,145076,ENYBOX,0,0,191000,191000,4.2,5,delivery_info_badge,Giao chiều mai,5,2024-01-04 00:12:06.274856
121024310,Chuột Không Dây Ajazz I17 (Màu Hồng/Đen/Trắng) - Hàng Chính Hãng,65781,Máy Tính Bảo Minh,121024312,Chuột Văn Phòng Không Dây,111839,Ajazz,0,0,95000,95000,5.0,1,delivery_info_badge,"Giao thứ 7, 06/01",5,2024-01-04 00:12:06.274856
4492365,Chuột Không Dây Rapoo 3510 Plus 1000 DPI Receiver USB,4106,CÔNG NGHỆ TẦM NHÌN,4492373,Chuột Văn Phòng Không Dây,20271,Rapoo,0,0,299000,299000,5.0,1,delivery_info_badge,"Giao chủ nhật, 07/01",5,2024-01-04 00:12:06.274856
204317236,Chuột không dây M203 -  Bluetooth + USB Wireless 2.4G - Pin sạc typeC - Chống ồn - chống mỏi cổ tay,110920,Timy,204317238,Chuột Văn Phòng Không Dây,111461,OEM,0,0,200000,200000,0.0,0,delivery_info_badge,Giao chiều mai,5,2024-01-04 00:12:06.274856
273210928,"Chuột Bluetooth Logitech M350s Pebble 2 Silent - Mỏng nhẹ, Nút tùy chỉnh, Easy-Switch, 4000DPI - Hàng Chính Hãng",52525,An Khang Computer,273210934,Chuột Văn Phòng Không Dây,18984,Logitech,120000,21,569000,449000,0.0,0,delivery_info_badge,"Giao thứ 7, 06/01",5,2024-01-04 00:12:06.274856
72300588,Chuột Không Dây DAREU LM115G Pink (Màu Hồng) Kèm Lót Chuột Hình Thỏ - Hàng Chính Hãng,12591,Nguyễn Ninh Media,72300589,Chuột Văn Phòng Không Dây,150002,DareU,0,0,169000,169000,4.8,39,delivery_info_badge,"Giao thứ 7, 06/01",5,2024-01-04 00:12:06.274856
271983889,Chuột Không Dây Logitech G PRO X SUPERLIGHT 2 - Hàng Chính Hãng,27572,NGUYENVUSTORE,271983891,Chuột Văn Phòng Không Dây,18984,Logitech,0,0,3290000,3290000,5.0,2,delivery_info_badge,"Giao thứ 7, 06/01",5,2024-01-04 00:12:06.274856
175415096,Chuột văn phòng không dây E-DRA EM604W kết nối USB Receiver - Hàng Chính Hãng,59640,Extreme Zero Online,263696857,Chuột Văn Phòng Không Dây,215231,E-DRA,0,0,73000,73000,5.0,2,delivery_info_badge,"Giao thứ 7, 06/01",5,2024-01-04 00:12:06.274856
251447750,Chuột không dây Rapoo M500 Silent (Wireless/Bluetooth) - Hàng Chính Hãng,280245,RAPOO Official Store,251447756,Chuột Văn Phòng Không Dây,20271,Rapoo,0,0,399000,399000,5.0,2,delivery_info_badge,"Giao thứ 7, 06/01",5,2024-01-04 00:12:06.274856
101172117,Chuột không dây Dareu LM115G (Đen/Hồng/Hình thú ngộ nghĩnh),65781,Máy Tính Bảo Minh,51112499,Chuột Văn Phòng Không Dây,150002,DareU,0,0,239000,239000,4.5,4,delivery_info_badge,"Giao thứ 7, 06/01",5,2024-01-04 00:12:06.274856
21440975,Chuột không dây Bluetooth Bosston Q1 - Hàng Nhập Khẩu,76796,Vietstore24h,49267531,Chuột Văn Phòng Không Dây,111393,Bosston,0,0,73000,73000,3.0,2,delivery_info_badge,Giao chiều mai,5,2024-01-04 00:12:06.274856
225297529,"Chuột Không Dây Chính Hãng ACER OMR050 - Bluetooth 5.0 + Wireless 2.4G - Pin sạc Type-C - Chống ồn Dùng Cho Máy Tính Bảng SamSung Tab , iPad, PC, laptop , MacBook, Điện Thoại Smartphone - Hàng Chính Hãng",261961,PHUKIENTHANHDAT,248543847,Chuột Văn Phòng Không Dây,18803,Acer,0,0,280000,280000,0.0,0,delivery_info_badge,"Giao thứ 7, 06/01",5,2024-01-04 00:12:06.274856
151570429,Chuột Không Dây Bluetooth RAPOO MT550 Tối Đa 4 Thiết Bị 3 Chế Độ Kết Nối - Hàng Chính Hãng,280245,RAPOO Official Store,174865152,Chuột Văn Phòng Không Dây,20271,Rapoo,0,0,498000,498000,4.8,25,delivery_info_badge,"Giao thứ 7, 06/01",5,2024-01-04 00:12:06.274856
174640508,Chuột Không Dây Bluetooth Uốn Dẻo Microsoft Arc Mouse Dùng Cho Macbook Surface Laptop - Hàng Chính Hãng,127051,TrustBuy,174640514,Chuột Văn Phòng Không Dây,19246,Microsoft,991000,37,2690000,1699000,5.0,5,tikinow,Giao siêu tốc 2h,5,2024-01-04 00:12:06.274856
192795616,Chuột không dây HXSJ T67 Receiver USB 2.4G - Hàng Chính Hãng,4997,HXSJ Official Store,192795617,Chuột Văn Phòng Không Dây,302375,HXSJ,140000,48,289000,149000,4.5,33,tikinow,Giao siêu tốc 2h,5,2024-01-04 00:12:06.274856
52853342,Chuột Không Dây Forter Màu Hồng - Hàng Chính Hãng,65781,Máy Tính Bảo Minh,52853343,Chuột Văn Phòng Không Dây,41528,Forter,0,0,99000,99000,4.8,33,delivery_info_badge,"Giao thứ 7, 06/01",5,2024-01-04 00:12:06.274856
196686640,Chuột công thái học không dây Rapoo EV250 Ergonomic Mouse - Hàng Chính Hãng,280245,RAPOO Official Store,196686641,Chuột Văn Phòng Không Dây,20271,Rapoo,0,0,309000,309000,4.5,19,delivery_info_badge,"Giao thứ 7, 06/01",5,2024-01-04 00:12:06.274856
273310466,Chuột Không Dây Rapoo M310 Silent - Hàng Chính Hãng,280245,RAPOO Official Store,273310470,Chuột Văn Phòng Không Dây,20271,Rapoo,0,0,199000,199000,0.0,0,delivery_info_badge,"Giao thứ 7, 06/01",5,2024-01-04 00:12:06.274856
116313905,"Chuột không dây Logitech Pebble M350 kết nối Bluetooth, USB Receiver có thể dùng cho Mac - Hàng Chính Hãng",333,Trọng Ân audio,242770068,Chuột Văn Phòng Không Dây,18984,Logitech,0,0,449000,449000,0.0,0,delivery_info_badge,Giao chiều mai,5,2024-01-04 00:12:06.275852
100957852,Chuột Sạc Không Dây True Wireless Silent Có Led Đổi Màu-Thiết Kế Thời Trang Phù Hợp Cho PC Laptop Macbook-Hàng Chính Hãng,20367,VI TÍNH NAM TRUNG HẢI,193522080,Chuột Văn Phòng Không Dây,111461,OEM,0,0,62900,62900,0.0,0,delivery_info_badge,Giao chiều mai,5,2024-01-04 00:12:06.275852
217474803,"Chuột không dây bluetooth | USB Logitech M720 - Kết nối đa thiết bị, pin 2 năm, tương thích Mac | Windows - Hàng chính hãng",333,Trọng Ân audio,245764980,Chuột Văn Phòng Không Dây,18984,Logitech,0,0,919000,919000,5.0,5,delivery_info_badge,Giao chiều mai,5,2024-01-04 00:12:06.275852
201475489,Chuột máy tính không dây bluetooth và USB 2.4 A36 chống ồn có LED đổi màu pin sạc không cần thay dùng làm việc chơi game cực chất,32204,Android tv box Bright star,217727827,Chuột Văn Phòng Không Dây,111461,OEM,0,0,58000,58000,5.0,1,delivery_info_badge,"Giao thứ 2, 08/01",5,2024-01-04 00:12:06.275852
186348894,"Chuột Logitech M650 I M650L không dây bluetooth Signature - Cuộn SmartWheel, giảm ồn, các nút có thể tùy chỉnh - Hàng chính hãng",290542,CÔNG TY TNHH TMĐT KIM LONG,186348896,Chuột Văn Phòng Không Dây,18984,Logitech,0,0,649000,649000,0.0,0,delivery_info_badge,Giao chiều mai,5,2024-01-04 00:12:06.275852
174593814,"Chuột Không Dây PIX-LINK P30 Sạc Điện Chống Ồn Wireless 2.4Ghz Dùng Cho Laptop, Macbook, Pc, Tivi - Hàng Chính Hãng",278788,Pixlink Office Store,174593825,Chuột Văn Phòng Không Dây,199239,PIX-LINK,129000,50,258000,129000,5.0,24,delivery_info_badge,"Giao thứ 7, 06/01",5,2024-01-04 00:12:06.275852
273136109,Chuột không dây Sanag Forev Fv185 nhỏ gọn cầm tay dùng cho văn phòng - hàng chính hãng,83946,Sanag Technology,273136113,Chuột Văn Phòng Không Dây,288265,Sanag,0,0,69000,69000,0.0,0,delivery_info_badge,"Giao thứ 7, 06/01",5,2024-01-04 00:12:06.275852
260939313,Chuột không dây FMOUSE M133 kết nối Bluetooth và USB 2.4G thiết kế trong suốt độc lạ - HT,106273,Hitech07,260939315,Chuột Văn Phòng Không Dây,111461,OEM,0,0,239000,239000,0.0,0,delivery_info_badge,Giao chiều mai,5,2024-01-04 00:12:06.275852
96650225,"Chuột Không Dây Gaming Led Siêu Đẹp XSmart Free Wolf X13 Premium Pin Sạc Dùng Siêu Trâu Cho Máy Tính, Laptop, Tivi - Hàng Chính Hãng",152209,XSmart Official Store,96650226,Chuột Văn Phòng Không Dây,4691869,XSmart,0,0,229000,229000,4.6,13,delivery_info_badge,"Giao thứ 2, 08/01",5,2024-01-04 00:12:06.275852
173971764,"Chuột Gaming không dây Dareu EM901X RGB - SUPERLIGHT, Kèm dock sạc Hàng Chính Hãng",65781,Máy Tính Bảo Minh,184667449,Chuột Văn Phòng Không Dây,150002,DareU,0,0,765000,765000,0.0,0,delivery_info_badge,"Giao thứ 7, 06/01",5,2024-01-04 00:12:06.275852
